state_alpha,season,week,cal_week,week_ending,EXCELLENT,FAIR,GOOD,POOR,VERY POOR,INDEX,GE,PVP
CO,2016,10,21,2016-05-29,5.0,5.0,90.0,0.0,0.0,400.0,95.0,0.0
CO,2016,11,22,2016-06-05,7.0,6.0,87.0,0.0,0.0,401.0,94.0,0.0
CO,2016,12,23,2016-06-12,9.0,6.0,85.0,0.0,0.0,403.0,94.0,0.0
CO,2016,13,24,2016-06-19,9.0,8.0,83.0,0.0,0.0,401.0,92.0,0.0
CO,2016,14,25,2016-06-26,8.0,8.0,84.0,0.0,0.0,400.0,92.0,0.0
CO,2016,15,26,2016-07-03,9.0,7.0,84.0,0.0,0.0,402.0,93.0,0.0
CO,2016,16,27,2016-07-10,8.0,7.0,85.0,0.0,0.0,401.0,93.0,0.0
CO,2016,17,28,2016-07-17,8.0,8.0,84.0,0.0,0.0,400.0,92.0,0.0
CO,2016,18,29,2016-07-24,8.0,8.0,84.0,0.0,0.0,400.0,92.0,0.0
CO,2016,19,30,2016-07-31,8.0,8.0,84.0,0.0,0.0,400.0,92.0,0.0
CO,2016,20,31,2016-08-07,8.0,8.0,84.0,0.0,0.0,400.0,92.0,0.0
CO,2016,21,32,2016-08-14,8.0,8.0,84.0,0.0,0.0,400.0,92.0,0.0
CO,2016,22,33,2016-08-21,8.0,8.0,84.0,0.0,0.0,400.0,92.0,0.0
CO,2016,23,34,2016-08-28,9.0,8.0,83.0,0.0,0.0,401.0,92.0,0.0
CO,2016,24,35,2016-09-04,9.0,8.0,83.0,0.0,0.0,401.0,92.0,0.0
CO,2016,25,36,2016-09-11,9.0,8.0,83.0,0.0,0.0,401.0,92.0,0.0
CO,2017,9,20,2017-05-21,3.0,6.0,90.0,1.0,0.0,395.0,93.0,1.0
CO,2017,10,21,2017-05-28,3.0,6.0,90.0,1.0,0.0,395.0,93.0,1.0
CO,2017,11,22,2017-06-04,1.0,5.0,94.0,0.0,0.0,396.0,95.0,0.0
CO,2017,12,23,2017-06-11,3.0,26.0,71.0,0.0,0.0,377.0,74.0,0.0
CO,2017,13,24,2017-06-18,3.0,25.0,72.0,0.0,0.0,378.0,75.0,0.0
CO,2017,14,25,2017-06-25,3.0,17.0,79.0,1.0,0.0,384.0,82.0,1.0
CO,2017,15,26,2017-07-02,3.0,15.0,80.0,2.0,0.0,384.0,83.0,2.0
CO,2017,16,27,2017-07-09,2.0,21.0,73.0,4.0,0.0,373.0,75.0,4.0
CO,2017,17,28,2017-07-16,2.0,25.0,70.0,3.0,0.0,371.0,72.0,3.0
CO,2017,18,29,2017-07-23,5.0,20.0,73.0,2.0,0.0,381.0,78.0,2.0
CO,2017,19,30,2017-07-30,8.0,26.0,61.0,5.0,0.0,372.0,69.0,5.0
CO,2017,20,31,2017-08-06,5.0,26.0,62.0,7.0,0.0,365.0,67.0,7.0
CO,2017,21,32,2017-08-13,4.0,27.0,62.0,7.0,0.0,363.0,66.0,7.0
CO,2017,22,33,2017-08-20,4.0,28.0,61.0,7.0,0.0,362.0,65.0,7.0
CO,2017,23,34,2017-08-27,4.0,25.0,66.0,5.0,0.0,369.0,70.0,5.0
CO,2017,24,35,2017-09-03,4.0,27.0,61.0,8.0,0.0,361.0,65.0,8.0
CO,2018,9,20,2018-05-20,8.0,9.0,56.0,2.0,25.0,320.0,64.0,27.0
CO,2018,10,21,2018-05-27,8.0,9.0,45.0,3.0,35.0,288.0,53.0,38.0
CO,2018,11,22,2018-06-03,9.0,20.0,54.0,2.0,15.0,340.0,63.0,17.0
CO,2018,12,23,2018-06-10,12.0,15.0,57.0,1.0,15.0,350.0,69.0,16.0
CO,2018,13,24,2018-06-17,8.0,18.0,58.0,2.0,14.0,344.0,66.0,16.0
CO,2018,14,25,2018-06-24,8.0,18.0,59.0,2.0,13.0,347.0,67.0,15.0
CO,2018,15,26,2018-07-01,13.0,25.0,46.0,1.0,15.0,341.0,59.0,16.0
CO,2018,16,27,2018-07-08,8.0,20.0,51.0,1.0,20.0,326.0,59.0,21.0
CO,2018,17,28,2018-07-15,9.0,15.0,62.0,1.0,13.0,353.0,71.0,14.0
CO,2018,18,29,2018-07-22,7.0,7.0,55.0,3.0,28.0,310.0,62.0,31.0
CO,2018,19,30,2018-07-29,12.0,12.0,57.0,0.0,19.0,343.0,69.0,19.0
CO,2018,20,31,2018-08-05,14.0,15.0,60.0,1.0,10.0,367.0,74.0,11.0
CO,2018,21,32,2018-08-12,8.0,14.0,56.0,7.0,15.0,335.0,64.0,22.0
CO,2018,22,33,2018-08-19,10.0,18.0,61.0,2.0,9.0,361.0,71.0,11.0
CO,2018,23,34,2018-08-26,9.0,16.0,62.0,2.0,11.0,356.0,71.0,13.0
ID,2016,2,13,2016-04-03,5.0,18.0,14.0,3.0,60.0,201.0,19.0,63.0
ID,2016,5,16,2016-04-24,10.0,32.0,58.0,0.0,0.0,378.0,68.0,0.0
ID,2016,6,17,2016-05-01,9.0,34.0,57.0,0.0,0.0,375.0,66.0,0.0
ID,2016,7,18,2016-05-08,15.0,26.0,59.0,0.0,0.0,389.0,74.0,0.0
ID,2016,8,19,2016-05-15,15.0,25.0,60.0,0.0,0.0,390.0,75.0,0.0
ID,2016,9,20,2016-05-22,22.0,26.0,52.0,0.0,0.0,396.0,74.0,0.0
ID,2016,10,21,2016-05-29,22.0,24.0,54.0,0.0,0.0,398.0,76.0,0.0
ID,2016,11,22,2016-06-05,21.0,24.0,55.0,0.0,0.0,397.0,76.0,0.0
ID,2016,12,23,2016-06-12,25.0,24.0,51.0,0.0,0.0,401.0,76.0,0.0
ID,2016,13,24,2016-06-19,19.0,24.0,57.0,0.0,0.0,395.0,76.0,0.0
ID,2016,14,25,2016-06-26,11.0,24.0,65.0,0.0,0.0,387.0,76.0,0.0
ID,2016,15,26,2016-07-03,10.0,25.0,65.0,0.0,0.0,385.0,75.0,0.0
ID,2016,16,27,2016-07-10,9.0,24.0,66.0,1.0,0.0,383.0,75.0,1.0
ID,2016,17,28,2016-07-17,9.0,22.0,68.0,1.0,0.0,385.0,77.0,1.0
ID,2016,18,29,2016-07-24,8.0,22.0,69.0,1.0,0.0,384.0,77.0,1.0
ID,2016,19,30,2016-07-31,8.0,24.0,67.0,1.0,0.0,382.0,75.0,1.0
ID,2016,20,31,2016-08-07,8.0,24.0,67.0,1.0,0.0,382.0,75.0,1.0
ID,2016,21,32,2016-08-14,8.0,24.0,66.0,2.0,0.0,380.0,74.0,2.0
ID,2017,7,18,2017-05-07,8.0,45.0,42.0,1.0,4.0,349.0,50.0,5.0
ID,2017,8,19,2017-05-14,9.0,49.0,38.0,1.0,3.0,349.0,47.0,4.0
ID,2017,9,20,2017-05-21,15.0,37.0,45.0,1.0,2.0,370.0,60.0,3.0
ID,2017,10,21,2017-05-28,33.0,20.0,43.0,1.0,3.0,402.0,76.0,4.0
ID,2017,11,22,2017-06-04,18.0,20.0,58.0,1.0,3.0,387.0,76.0,4.0
ID,2017,12,23,2017-06-11,17.0,22.0,56.0,3.0,2.0,383.0,73.0,5.0
ID,2017,13,24,2017-06-18,16.0,29.0,46.0,6.0,3.0,366.0,62.0,9.0
ID,2017,14,25,2017-06-25,14.0,23.0,39.0,2.0,22.0,321.0,53.0,24.0
ID,2017,15,26,2017-07-02,26.0,18.0,51.0,2.0,3.0,395.0,77.0,5.0
ID,2017,16,27,2017-07-09,9.0,24.0,62.0,5.0,0.0,375.0,71.0,5.0
ID,2017,17,28,2017-07-16,15.0,24.0,55.0,3.0,3.0,376.0,70.0,6.0
ID,2017,18,29,2017-07-23,13.0,29.0,50.0,5.0,3.0,365.0,63.0,8.0
ID,2017,19,30,2017-07-30,13.0,26.0,40.0,15.0,6.0,339.0,53.0,21.0
ID,2017,20,31,2017-08-06,17.0,28.0,36.0,15.0,4.0,347.0,53.0,19.0
ID,2017,21,32,2017-08-13,16.0,27.0,40.0,12.0,5.0,350.0,56.0,17.0
ID,2017,22,33,2017-08-20,16.0,24.0,40.0,15.0,5.0,347.0,56.0,20.0
ID,2017,23,34,2017-08-27,9.0,30.0,40.0,16.0,5.0,332.0,49.0,21.0
ID,2018,7,18,2018-05-06,23.0,28.0,44.0,1.0,4.0,381.0,67.0,5.0
ID,2018,8,19,2018-05-13,12.0,32.0,51.0,1.0,4.0,366.0,63.0,5.0
ID,2018,9,20,2018-05-20,22.0,27.0,47.0,1.0,3.0,384.0,69.0,4.0
ID,2018,10,21,2018-05-27,14.0,28.0,53.0,1.0,4.0,372.0,67.0,5.0
ID,2018,11,22,2018-06-03,9.0,12.0,62.0,10.0,7.0,356.0,71.0,17.0
ID,2018,12,23,2018-06-10,14.0,16.0,58.0,1.0,11.0,363.0,72.0,12.0
ID,2018,13,24,2018-06-17,17.0,23.0,53.0,1.0,6.0,374.0,70.0,7.0
ID,2018,14,25,2018-06-24,16.0,12.0,62.0,3.0,7.0,377.0,78.0,10.0
ID,2018,15,26,2018-07-01,17.0,12.0,63.0,2.0,6.0,383.0,80.0,8.0
ID,2018,16,27,2018-07-08,16.0,11.0,64.0,2.0,7.0,380.0,80.0,9.0
ID,2018,17,28,2018-07-15,14.0,11.0,65.0,3.0,7.0,376.0,79.0,10.0
ID,2018,18,29,2018-07-22,14.0,14.0,64.0,2.0,6.0,378.0,78.0,8.0
ID,2018,19,30,2018-07-29,18.0,20.0,57.0,1.0,4.0,384.0,75.0,5.0
ID,2018,20,31,2018-08-05,20.0,16.0,58.0,1.0,5.0,387.0,78.0,6.0
ID,2018,21,32,2018-08-12,22.0,15.0,57.0,1.0,5.0,390.0,79.0,6.0
ID,2018,22,33,2018-08-19,13.0,18.0,59.0,3.0,7.0,368.0,72.0,10.0
ID,2018,23,34,2018-08-26,12.0,21.0,58.0,2.0,7.0,366.0,70.0,9.0
ID,2019,8,19,2019-05-12,4.0,19.0,59.0,10.0,8.0,341.0,63.0,18.0
ID,2019,9,20,2019-05-19,5.0,20.0,60.0,9.0,6.0,349.0,65.0,15.0
ID,2019,10,21,2019-05-26,5.0,17.0,71.0,5.0,2.0,372.0,76.0,7.0
ID,2019,11,22,2019-06-02,5.0,17.0,75.0,2.0,1.0,381.0,80.0,3.0
ID,2019,12,23,2019-06-09,8.0,22.0,57.0,8.0,5.0,355.0,65.0,13.0
ID,2019,13,24,2019-06-16,7.0,22.0,57.0,8.0,6.0,351.0,64.0,14.0
ID,2019,14,25,2019-06-23,1.0,21.0,65.0,7.0,6.0,348.0,66.0,13.0
ID,2019,15,26,2019-06-30,8.0,20.0,60.0,7.0,5.0,359.0,68.0,12.0
ID,2019,16,27,2019-07-07,10.0,18.0,65.0,4.0,3.0,375.0,75.0,7.0
ID,2019,17,28,2019-07-14,8.0,24.0,57.0,6.0,5.0,357.0,65.0,11.0
ID,2019,18,29,2019-07-21,10.0,25.0,58.0,4.0,3.0,368.0,68.0,7.0
ID,2019,19,30,2019-07-28,9.0,20.0,60.0,4.0,7.0,360.0,69.0,11.0
ID,2019,20,31,2019-08-04,8.0,29.0,55.0,3.0,5.0,358.0,63.0,8.0
ID,2019,21,32,2019-08-11,15.0,21.0,55.0,4.0,5.0,371.0,70.0,9.0
ID,2019,22,33,2019-08-18,14.0,24.0,55.0,3.0,4.0,372.0,69.0,7.0
ID,2019,23,34,2019-08-25,6.0,28.0,56.0,4.0,6.0,352.0,62.0,10.0
ID,2019,24,35,2019-09-01,6.0,26.0,55.0,5.0,8.0,346.0,61.0,13.0
ID,2020,10,21,2020-05-24,11.0,48.0,40.0,1.0,0.0,361.0,51.0,1.0
ID,2020,11,22,2020-05-31,8.0,48.0,43.0,1.0,0.0,358.0,51.0,1.0
ID,2020,12,23,2020-06-07,19.0,25.0,55.0,1.0,0.0,392.0,74.0,1.0
ID,2020,13,24,2020-06-14,12.0,21.0,66.0,1.0,0.0,389.0,78.0,1.0
ID,2020,14,25,2020-06-21,16.0,26.0,56.0,2.0,0.0,386.0,72.0,2.0
ID,2020,15,26,2020-06-28,29.0,22.0,47.0,2.0,0.0,403.0,76.0,2.0
ID,2020,16,27,2020-07-05,22.0,29.0,47.0,2.0,0.0,389.0,69.0,2.0
ID,2020,17,28,2020-07-12,22.0,27.0,48.0,3.0,0.0,389.0,70.0,3.0
ID,2020,18,29,2020-07-19,22.0,20.0,56.0,2.0,0.0,398.0,78.0,2.0
ID,2020,19,30,2020-07-26,17.0,10.0,71.0,2.0,0.0,403.0,88.0,2.0
ID,2020,20,31,2020-08-02,13.0,14.0,70.0,3.0,0.0,393.0,83.0,3.0
ID,2020,21,32,2020-08-09,17.0,14.0,66.0,3.0,0.0,397.0,83.0,3.0
ID,2020,22,33,2020-08-16,19.0,14.0,64.0,3.0,0.0,399.0,83.0,3.0
ID,2020,23,34,2020-08-23,19.0,13.0,64.0,4.0,0.0,398.0,83.0,4.0
ID,2021,7,18,2021-05-09,6.0,63.0,29.0,2.0,0.0,339.0,35.0,2.0
ID,2021,8,19,2021-05-16,7.0,72.0,21.0,0.0,0.0,335.0,28.0,0.0
ID,2021,9,20,2021-05-23,6.0,66.0,19.0,9.0,0.0,322.0,25.0,9.0
ID,2021,10,21,2021-05-30,9.0,62.0,18.0,11.0,0.0,325.0,27.0,11.0
ID,2021,11,22,2021-06-06,2.0,64.0,23.0,11.0,0.0,316.0,25.0,11.0
ID,2021,12,23,2021-06-13,6.0,59.0,22.0,13.0,0.0,321.0,28.0,13.0
ID,2021,13,24,2021-06-20,9.0,59.0,18.0,14.0,0.0,322.0,27.0,14.0
ID,2021,14,25,2021-06-27,10.0,62.0,11.0,16.0,1.0,313.0,21.0,17.0
ID,2021,15,26,2021-07-04,10.0,62.0,8.0,18.0,2.0,306.0,18.0,20.0
ID,2021,16,27,2021-07-11,2.0,54.0,14.0,25.0,5.0,283.0,16.0,30.0
ID,2021,17,28,2021-07-18,7.0,36.0,15.0,33.0,9.0,278.0,22.0,42.0
ID,2021,18,29,2021-07-25,10.0,30.0,17.0,32.0,11.0,283.0,27.0,43.0
ID,2021,19,30,2021-08-01,9.0,37.0,20.0,26.0,8.0,296.0,29.0,34.0
ID,2021,20,31,2021-08-08,8.0,34.0,23.0,26.0,9.0,295.0,31.0,35.0
ID,2021,21,32,2021-08-15,9.0,27.0,20.0,33.0,11.0,283.0,29.0,44.0
ID,2022,9,20,2022-05-22,3.0,24.0,73.0,0.0,0.0,379.0,76.0,0.0
ID,2022,10,21,2022-05-29,4.0,30.0,65.0,1.0,0.0,372.0,69.0,1.0
ID,2022,11,22,2022-06-05,11.0,29.0,56.0,3.0,1.0,373.0,67.0,4.0
ID,2022,12,23,2022-06-12,12.0,21.0,67.0,0.0,0.0,391.0,79.0,0.0
ID,2022,13,24,2022-06-19,11.0,25.0,62.0,1.0,1.0,381.0,73.0,2.0
ID,2022,14,25,2022-06-26,12.0,27.0,57.0,3.0,1.0,376.0,69.0,4.0
ID,2022,15,26,2022-07-03,8.0,28.0,57.0,6.0,1.0,365.0,65.0,7.0
ID,2022,16,27,2022-07-10,11.0,26.0,57.0,5.0,1.0,372.0,68.0,6.0
ID,2022,17,28,2022-07-17,16.0,27.0,49.0,6.0,2.0,371.0,65.0,8.0
ID,2022,18,29,2022-07-24,13.0,30.0,50.0,6.0,1.0,368.0,63.0,7.0
ID,2022,19,30,2022-07-31,12.0,31.0,51.0,5.0,1.0,368.0,63.0,6.0
ID,2022,20,31,2022-08-07,11.0,30.0,50.0,7.0,2.0,361.0,61.0,9.0
ID,2022,21,32,2022-08-14,10.0,27.0,58.0,5.0,0.0,373.0,68.0,5.0
ID,2022,22,33,2022-08-21,9.0,24.0,62.0,5.0,0.0,375.0,71.0,5.0
ID,2022,23,34,2022-08-28,10.0,25.0,60.0,5.0,0.0,375.0,70.0,5.0
ID,2023,9,20,2023-05-21,17.0,36.0,47.0,0.0,0.0,381.0,64.0,0.0
ID,2023,10,21,2023-05-28,13.0,42.0,45.0,0.0,0.0,371.0,58.0,0.0
ID,2023,11,22,2023-06-04,12.0,42.0,45.0,1.0,0.0,368.0,57.0,1.0
ID,2023,12,23,2023-06-11,6.0,40.0,54.0,0.0,0.0,366.0,60.0,0.0
ID,2023,13,24,2023-06-18,4.0,39.0,56.0,1.0,0.0,363.0,60.0,1.0
ID,2023,14,25,2023-06-25,2.0,36.0,59.0,3.0,0.0,360.0,61.0,3.0
ID,2023,15,26,2023-07-02,3.0,33.0,61.0,3.0,0.0,364.0,64.0,3.0
ID,2023,16,27,2023-07-09,4.0,29.0,62.0,4.0,1.0,364.0,66.0,5.0
ID,2023,17,28,2023-07-16,4.0,30.0,60.0,5.0,1.0,361.0,64.0,6.0
ID,2023,18,29,2023-07-23,3.0,30.0,60.0,6.0,1.0,358.0,63.0,7.0
ID,2023,19,30,2023-07-30,4.0,30.0,59.0,7.0,0.0,360.0,63.0,7.0
ID,2023,20,31,2023-08-06,3.0,32.0,56.0,8.0,1.0,352.0,59.0,9.0
ID,2023,21,32,2023-08-13,4.0,30.0,58.0,8.0,0.0,358.0,62.0,8.0
ID,2023,22,33,2023-08-20,2.0,35.0,50.0,13.0,0.0,341.0,52.0,13.0
ID,2023,23,34,2023-08-27,2.0,41.0,45.0,11.0,1.0,336.0,47.0,12.0
ID,2023,24,35,2023-09-03,1.0,37.0,51.0,10.0,1.0,341.0,52.0,11.0
ID,2024,8,19,2024-05-12,3.0,29.0,66.0,2.0,0.0,370.0,69.0,2.0
ID,2024,9,20,2024-05-19,2.0,31.0,66.0,1.0,0.0,369.0,68.0,1.0
ID,2024,10,21,2024-05-26,1.0,33.0,66.0,0.0,0.0,368.0,67.0,0.0
ID,2024,11,22,2024-06-02,3.0,28.0,69.0,0.0,0.0,375.0,72.0,0.0
ID,2024,12,23,2024-06-09,2.0,22.0,75.0,1.0,0.0,378.0,77.0,1.0
ID,2024,13,24,2024-06-16,3.0,22.0,74.0,1.0,0.0,379.0,77.0,1.0
ID,2024,14,25,2024-06-23,2.0,27.0,68.0,3.0,0.0,369.0,70.0,3.0
ID,2024,15,26,2024-06-30,3.0,25.0,70.0,2.0,0.0,374.0,73.0,2.0
ID,2024,16,27,2024-07-07,3.0,29.0,64.0,4.0,0.0,366.0,67.0,4.0
ID,2024,17,28,2024-07-14,6.0,24.0,68.0,2.0,0.0,378.0,74.0,2.0
ID,2024,18,29,2024-07-21,6.0,34.0,54.0,5.0,1.0,359.0,60.0,6.0
ID,2024,19,30,2024-07-28,4.0,29.0,59.0,7.0,1.0,358.0,63.0,8.0
ID,2024,20,31,2024-08-04,4.0,26.0,65.0,5.0,0.0,368.0,69.0,5.0
ID,2024,21,32,2024-08-11,3.0,29.0,60.0,7.0,1.0,357.0,63.0,8.0
ID,2024,22,33,2024-08-18,1.0,28.0,63.0,8.0,0.0,357.0,64.0,8.0
ID,2024,23,34,2024-08-25,3.0,30.0,56.0,10.0,1.0,350.0,59.0,11.0
ID,2024,24,35,2024-09-01,2.0,31.0,54.0,12.0,1.0,344.0,56.0,13.0
ID,2025,8,19,2025-05-11,3.0,32.0,64.0,1.0,0.0,369.0,67.0,1.0
ID,2025,9,20,2025-05-18,2.0,34.0,60.0,3.0,1.0,359.0,62.0,4.0
ID,2025,10,21,2025-05-25,1.0,30.0,66.0,2.0,1.0,364.0,67.0,3.0
ID,2025,11,22,2025-06-01,1.0,28.0,68.0,2.0,1.0,366.0,69.0,3.0
ID,2025,12,23,2025-06-08,4.0,29.0,64.0,2.0,1.0,368.0,68.0,3.0
ID,2025,13,24,2025-06-15,2.0,34.0,58.0,5.0,1.0,355.0,60.0,6.0
ID,2025,14,25,2025-06-22,2.0,32.0,58.0,7.0,1.0,353.0,60.0,8.0
ID,2025,15,26,2025-06-29,2.0,30.0,58.0,9.0,1.0,351.0,60.0,10.0
ID,2025,16,27,2025-07-06,4.0,29.0,56.0,10.0,1.0,352.0,60.0,11.0
ID,2025,17,28,2025-07-13,3.0,27.0,58.0,11.0,1.0,351.0,61.0,12.0
ID,2025,18,29,2025-07-20,4.0,30.0,52.0,13.0,1.0,345.0,56.0,14.0
ID,2025,19,30,2025-07-27,2.0,34.0,48.0,15.0,1.0,335.0,50.0,16.0
ID,2025,20,31,2025-08-03,3.0,39.0,39.0,17.0,2.0,324.0,42.0,19.0
ID,2025,21,32,2025-08-10,2.0,39.0,40.0,17.0,2.0,323.0,42.0,19.0
ID,2025,22,33,2025-08-17,1.0,39.0,42.0,17.0,1.0,325.0,43.0,18.0
ID,2025,23,34,2025-08-24,1.0,39.0,42.0,17.0,1.0,325.0,43.0,18.0
MN,2016,8,19,2016-05-15,12.0,27.0,58.0,2.0,1.0,378.0,70.0,3.0
MN,2016,9,20,2016-05-22,11.0,27.0,59.0,2.0,1.0,377.0,70.0,3.0
MN,2016,10,21,2016-05-29,11.0,27.0,59.0,2.0,1.0,377.0,70.0,3.0
MN,2016,11,22,2016-06-05,14.0,22.0,60.0,3.0,1.0,383.0,74.0,4.0
MN,2016,12,23,2016-06-12,15.0,26.0,53.0,5.0,1.0,376.0,68.0,6.0
MN,2016,13,24,2016-06-19,15.0,26.0,49.0,8.0,2.0,367.0,64.0,10.0
MN,2016,14,25,2016-06-26,16.0,26.0,49.0,7.0,2.0,370.0,65.0,9.0
MN,2016,15,26,2016-07-03,16.0,23.0,52.0,6.0,3.0,372.0,68.0,9.0
MN,2016,16,27,2016-07-10,16.0,22.0,53.0,6.0,3.0,373.0,69.0,9.0
MN,2016,17,28,2016-07-17,18.0,21.0,52.0,6.0,3.0,376.0,70.0,9.0
MN,2016,18,29,2016-07-24,14.0,23.0,55.0,5.0,3.0,372.0,69.0,8.0
MN,2016,19,30,2016-07-31,14.0,23.0,55.0,5.0,3.0,372.0,69.0,8.0
MN,2016,20,31,2016-08-07,15.0,22.0,55.0,5.0,3.0,374.0,70.0,8.0
MN,2016,21,32,2016-08-14,16.0,22.0,53.0,5.0,4.0,372.0,69.0,9.0
MN,2017,9,20,2017-05-21,23.0,7.0,70.0,0.0,0.0,416.0,93.0,0.0
MN,2017,10,21,2017-05-28,28.0,4.0,68.0,0.0,0.0,424.0,96.0,0.0
MN,2017,11,22,2017-06-04,25.0,5.0,70.0,0.0,0.0,420.0,95.0,0.0
MN,2017,12,23,2017-06-11,22.0,7.0,71.0,0.0,0.0,415.0,93.0,0.0
MN,2017,13,24,2017-06-18,23.0,11.0,66.0,0.0,0.0,412.0,89.0,0.0
MN,2017,14,25,2017-06-25,24.0,14.0,62.0,0.0,0.0,410.0,86.0,0.0
MN,2017,15,26,2017-07-02,28.0,13.0,58.0,1.0,0.0,413.0,86.0,1.0
MN,2017,16,27,2017-07-09,24.0,14.0,61.0,1.0,0.0,408.0,85.0,1.0
MN,2017,17,28,2017-07-16,24.0,15.0,59.0,2.0,0.0,405.0,83.0,2.0
MN,2017,18,29,2017-07-23,24.0,13.0,60.0,2.0,1.0,404.0,84.0,3.0
MN,2017,19,30,2017-07-30,22.0,12.0,65.0,1.0,0.0,408.0,87.0,1.0
MN,2017,20,31,2017-08-06,22.0,12.0,63.0,2.0,1.0,403.0,85.0,3.0
MN,2017,21,32,2017-08-13,27.0,10.0,60.0,2.0,1.0,410.0,87.0,3.0
MN,2017,22,33,2017-08-20,28.0,11.0,58.0,2.0,1.0,410.0,86.0,3.0
MN,2018,10,21,2018-05-27,23.0,18.0,59.0,0.0,0.0,405.0,82.0,0.0
MN,2018,11,22,2018-06-03,34.0,18.0,48.0,0.0,0.0,416.0,82.0,0.0
MN,2018,12,23,2018-06-10,32.0,22.0,46.0,0.0,0.0,410.0,78.0,0.0
MN,2018,13,24,2018-06-17,31.0,16.0,53.0,0.0,0.0,415.0,84.0,0.0
MN,2018,14,25,2018-06-24,36.0,14.0,50.0,0.0,0.0,422.0,86.0,0.0
MN,2018,15,26,2018-07-01,36.0,14.0,50.0,0.0,0.0,422.0,86.0,0.0
MN,2018,16,27,2018-07-08,41.0,15.0,44.0,0.0,0.0,426.0,85.0,0.0
MN,2018,17,28,2018-07-15,36.0,14.0,50.0,0.0,0.0,422.0,86.0,0.0
MN,2018,18,29,2018-07-22,37.0,14.0,48.0,1.0,0.0,421.0,85.0,1.0
MN,2018,19,30,2018-07-29,34.0,15.0,50.0,1.0,0.0,417.0,84.0,1.0
MN,2018,20,31,2018-08-05,25.0,16.0,58.0,1.0,0.0,407.0,83.0,1.0
MN,2018,21,32,2018-08-12,25.0,20.0,54.0,1.0,0.0,403.0,79.0,1.0
MN,2018,22,33,2018-08-19,23.0,24.0,52.0,1.0,0.0,397.0,75.0,1.0
MN,2019,11,22,2019-06-02,12.0,14.0,74.0,0.0,0.0,398.0,86.0,0.0
MN,2019,12,23,2019-06-09,14.0,16.0,68.0,2.0,0.0,394.0,82.0,2.0
MN,2019,13,24,2019-06-16,14.0,13.0,72.0,1.0,0.0,399.0,86.0,1.0
MN,2019,14,25,2019-06-23,15.0,15.0,68.0,2.0,0.0,396.0,83.0,2.0
MN,2019,15,26,2019-06-30,16.0,15.0,67.0,2.0,0.0,397.0,83.0,2.0
MN,2019,16,27,2019-07-07,14.0,15.0,69.0,2.0,0.0,395.0,83.0,2.0
MN,2019,17,28,2019-07-14,12.0,14.0,73.0,1.0,0.0,396.0,85.0,1.0
MN,2019,18,29,2019-07-21,10.0,14.0,75.0,1.0,0.0,394.0,85.0,1.0
MN,2019,19,30,2019-07-28,13.0,16.0,70.0,1.0,0.0,395.0,83.0,1.0
MN,2019,20,31,2019-08-04,13.0,14.0,71.0,2.0,0.0,395.0,84.0,2.0
MN,2019,21,32,2019-08-11,18.0,15.0,65.0,2.0,0.0,399.0,83.0,2.0
MN,2019,22,33,2019-08-18,16.0,15.0,67.0,2.0,0.0,397.0,83.0,2.0
MN,2019,23,34,2019-08-25,16.0,15.0,67.0,2.0,0.0,397.0,83.0,2.0
MN,2019,24,35,2019-09-01,14.0,19.0,62.0,4.0,1.0,384.0,76.0,5.0
MN,2020,11,22,2020-05-31,28.0,19.0,53.0,0.0,0.0,409.0,81.0,0.0
MN,2020,12,23,2020-06-07,25.0,17.0,58.0,0.0,0.0,408.0,83.0,0.0
MN,2020,13,24,2020-06-14,21.0,10.0,67.0,1.0,1.0,406.0,88.0,2.0
MN,2020,14,25,2020-06-21,11.0,15.0,70.0,2.0,2.0,386.0,81.0,4.0
MN,2020,15,26,2020-06-28,9.0,15.0,71.0,3.0,2.0,382.0,80.0,5.0
MN,2020,16,27,2020-07-05,10.0,17.0,67.0,3.0,3.0,378.0,77.0,6.0
MN,2020,17,28,2020-07-12,10.0,18.0,66.0,3.0,3.0,377.0,76.0,6.0
MN,2020,18,29,2020-07-19,13.0,20.0,60.0,4.0,3.0,376.0,73.0,7.0
MN,2020,19,30,2020-07-26,9.0,21.0,66.0,2.0,2.0,378.0,75.0,4.0
MN,2020,20,31,2020-08-02,10.0,20.0,66.0,2.0,2.0,380.0,76.0,4.0
MN,2020,21,32,2020-08-09,11.0,19.0,64.0,4.0,2.0,378.0,75.0,6.0
MN,2020,22,33,2020-08-16,12.0,18.0,64.0,4.0,2.0,380.0,76.0,6.0
MN,2020,23,34,2020-08-23,12.0,18.0,65.0,3.0,2.0,382.0,77.0,5.0
MN,2021,8,19,2021-05-16,15.0,22.0,63.0,0.0,0.0,393.0,78.0,0.0
MN,2021,9,20,2021-05-23,16.0,16.0,68.0,0.0,0.0,400.0,84.0,0.0
MN,2021,10,21,2021-05-30,16.0,18.0,64.0,2.0,0.0,394.0,80.0,2.0
MN,2021,11,22,2021-06-06,16.0,24.0,56.0,4.0,0.0,384.0,72.0,4.0
MN,2021,12,23,2021-06-13,12.0,23.0,56.0,8.0,1.0,370.0,68.0,9.0
MN,2021,13,24,2021-06-20,3.0,35.0,45.0,13.0,4.0,330.0,48.0,17.0
MN,2021,14,25,2021-06-27,1.0,39.0,28.0,21.0,11.0,287.0,29.0,32.0
MN,2021,15,26,2021-07-04,1.0,40.0,34.0,18.0,7.0,304.0,35.0,25.0
MN,2021,16,27,2021-07-11,1.0,39.0,27.0,22.0,11.0,285.0,28.0,33.0
MN,2021,17,28,2021-07-18,0.0,43.0,15.0,28.0,14.0,259.0,15.0,42.0
MN,2021,18,29,2021-07-25,0.0,46.0,9.0,31.0,14.0,250.0,9.0,45.0
MN,2021,19,30,2021-08-01,0.0,43.0,12.0,32.0,13.0,254.0,12.0,45.0
MN,2021,20,31,2021-08-08,0.0,44.0,16.0,26.0,14.0,262.0,16.0,40.0
MN,2021,21,32,2021-08-15,0.0,44.0,16.0,26.0,14.0,262.0,16.0,40.0
MN,2022,12,23,2022-06-12,7.0,44.0,48.0,1.0,0.0,361.0,55.0,1.0
MN,2022,13,24,2022-06-19,7.0,35.0,57.0,1.0,0.0,370.0,64.0,1.0
MN,2022,14,25,2022-06-26,6.0,35.0,58.0,1.0,0.0,369.0,64.0,1.0
MN,2022,15,26,2022-07-03,9.0,23.0,68.0,0.0,0.0,386.0,77.0,0.0
MN,2022,16,27,2022-07-10,6.0,31.0,63.0,0.0,0.0,375.0,69.0,0.0
MN,2022,17,28,2022-07-17,6.0,29.0,65.0,0.0,0.0,377.0,71.0,0.0
MN,2022,18,29,2022-07-24,6.0,28.0,66.0,0.0,0.0,378.0,72.0,0.0
MN,2022,19,30,2022-07-31,8.0,18.0,74.0,0.0,0.0,390.0,82.0,0.0
MN,2022,20,31,2022-08-07,7.0,26.0,67.0,0.0,0.0,381.0,74.0,0.0
MN,2022,21,32,2022-08-14,4.0,20.0,76.0,0.0,0.0,384.0,80.0,0.0
MN,2022,22,33,2022-08-21,4.0,11.0,84.0,1.0,0.0,391.0,88.0,1.0
MN,2022,23,34,2022-08-28,6.0,15.0,79.0,0.0,0.0,391.0,85.0,0.0
MN,2022,24,35,2022-09-04,7.0,19.0,73.0,1.0,0.0,386.0,80.0,1.0
MN,2023,11,22,2023-06-04,6.0,23.0,71.0,0.0,0.0,383.0,77.0,0.0
MN,2023,12,23,2023-06-11,5.0,12.0,67.0,16.0,0.0,361.0,72.0,16.0
MN,2023,13,24,2023-06-18,4.0,17.0,63.0,15.0,1.0,354.0,67.0,16.0
MN,2023,14,25,2023-06-25,2.0,23.0,67.0,6.0,2.0,361.0,69.0,8.0
MN,2023,15,26,2023-07-02,3.0,31.0,60.0,6.0,0.0,360.0,63.0,6.0
MN,2023,16,27,2023-07-09,0.0,34.0,62.0,4.0,0.0,358.0,62.0,4.0
MN,2023,17,28,2023-07-16,2.0,18.0,76.0,4.0,0.0,376.0,78.0,4.0
MN,2023,18,29,2023-07-23,2.0,22.0,72.0,4.0,0.0,372.0,74.0,4.0
MN,2023,19,30,2023-07-30,1.0,38.0,53.0,7.0,1.0,346.0,54.0,8.0
MN,2023,20,31,2023-08-06,0.0,47.0,47.0,5.0,1.0,340.0,47.0,6.0
MN,2023,21,32,2023-08-13,0.0,42.0,48.0,9.0,1.0,337.0,48.0,10.0
MN,2023,22,33,2023-08-20,6.0,33.0,51.0,9.0,1.0,352.0,57.0,10.0
MN,2023,23,34,2023-08-27,3.0,27.0,60.0,9.0,1.0,355.0,63.0,10.0
MN,2024,9,20,2024-05-19,11.0,19.0,70.0,0.0,0.0,392.0,81.0,0.0
MN,2024,10,21,2024-05-26,9.0,18.0,73.0,0.0,0.0,391.0,82.0,0.0
MN,2024,11,22,2024-06-02,4.0,20.0,76.0,0.0,0.0,384.0,80.0,0.0
MN,2024,12,23,2024-06-09,5.0,26.0,69.0,0.0,0.0,379.0,74.0,0.0
MN,2024,13,24,2024-06-16,14.0,17.0,69.0,0.0,0.0,397.0,83.0,0.0
MN,2024,14,25,2024-06-23,9.0,14.0,72.0,5.0,0.0,385.0,81.0,5.0
MN,2024,15,26,2024-06-30,18.0,13.0,68.0,1.0,0.0,403.0,86.0,1.0
MN,2024,16,27,2024-07-07,11.0,11.0,77.0,1.0,0.0,398.0,88.0,1.0
MN,2024,17,28,2024-07-14,17.0,17.0,64.0,2.0,0.0,396.0,81.0,2.0
MN,2024,18,29,2024-07-21,20.0,15.0,62.0,3.0,0.0,399.0,82.0,3.0
MN,2024,19,30,2024-07-28,18.0,15.0,65.0,2.0,0.0,399.0,83.0,2.0
MN,2024,20,31,2024-08-04,27.0,15.0,56.0,2.0,0.0,408.0,83.0,2.0
MN,2024,21,32,2024-08-11,26.0,10.0,63.0,1.0,0.0,414.0,89.0,1.0
MN,2024,22,33,2024-08-18,25.0,12.0,62.0,1.0,0.0,411.0,87.0,1.0
MN,2024,23,34,2024-08-25,16.0,10.0,67.0,5.0,2.0,390.0,83.0,7.0
MN,2025,10,21,2025-05-25,5.0,16.0,77.0,2.0,0.0,385.0,82.0,2.0
MN,2025,11,22,2025-06-01,5.0,13.0,80.0,2.0,0.0,388.0,85.0,2.0
MN,2025,12,23,2025-06-08,6.0,8.0,84.0,2.0,0.0,394.0,90.0,2.0
MN,2025,13,24,2025-06-15,5.0,9.0,84.0,2.0,0.0,392.0,89.0,2.0
MN,2025,14,25,2025-06-22,4.0,9.0,85.0,2.0,0.0,391.0,89.0,2.0
MN,2025,15,26,2025-06-29,4.0,10.0,83.0,2.0,1.0,387.0,87.0,3.0
MN,2025,16,27,2025-07-06,6.0,15.0,74.0,3.0,2.0,379.0,80.0,5.0
MN,2025,17,28,2025-07-13,6.0,13.0,81.0,0.0,0.0,393.0,87.0,0.0
MN,2025,18,29,2025-07-20,5.0,10.0,82.0,3.0,0.0,389.0,87.0,3.0
MN,2025,19,30,2025-07-27,5.0,7.0,85.0,3.0,0.0,392.0,90.0,3.0
MN,2025,20,31,2025-08-03,8.0,13.0,77.0,2.0,0.0,391.0,85.0,2.0
MN,2025,21,32,2025-08-10,12.0,16.0,70.0,2.0,0.0,392.0,82.0,2.0
MN,2025,22,33,2025-08-17,13.0,16.0,67.0,4.0,0.0,389.0,80.0,4.0
MN,2025,23,34,2025-08-24,13.0,16.0,67.0,4.0,0.0,389.0,80.0,4.0
MT,2016,9,20,2016-05-22,14.0,25.0,58.0,2.0,1.0,382.0,72.0,3.0
MT,2016,10,21,2016-05-29,14.0,24.0,59.0,2.0,1.0,383.0,73.0,3.0
MT,2016,11,22,2016-06-05,20.0,23.0,54.0,2.0,1.0,390.0,74.0,3.0
MT,2016,12,23,2016-06-12,19.0,24.0,54.0,2.0,1.0,388.0,73.0,3.0
MT,2016,13,24,2016-06-19,20.0,25.0,52.0,2.0,1.0,388.0,72.0,3.0
MT,2016,14,25,2016-06-26,14.0,28.0,53.0,3.0,2.0,374.0,67.0,5.0
MT,2016,15,26,2016-07-03,14.0,29.0,52.0,3.0,2.0,373.0,66.0,5.0
MT,2016,16,27,2016-07-10,15.0,29.0,51.0,3.0,2.0,374.0,66.0,5.0
MT,2016,17,28,2016-07-17,15.0,30.0,50.0,4.0,1.0,374.0,65.0,5.0
MT,2016,18,29,2016-07-24,15.0,29.0,51.0,4.0,1.0,375.0,66.0,5.0
MT,2016,19,30,2016-07-31,15.0,29.0,51.0,4.0,1.0,375.0,66.0,5.0
MT,2016,20,31,2016-08-07,14.0,29.0,52.0,4.0,1.0,374.0,66.0,5.0
MT,2016,21,32,2016-08-14,13.0,29.0,52.0,4.0,2.0,370.0,65.0,6.0
MT,2016,22,33,2016-08-21,13.0,29.0,52.0,4.0,2.0,370.0,65.0,6.0
MT,2017,10,21,2017-05-28,0.0,46.0,52.0,2.0,0.0,350.0,52.0,2.0
MT,2017,11,22,2017-06-04,3.0,41.0,45.0,4.0,7.0,333.0,48.0,11.0
MT,2017,12,23,2017-06-11,7.0,46.0,16.0,20.0,11.0,288.0,23.0,31.0
MT,2017,13,24,2017-06-18,6.0,44.0,13.0,24.0,13.0,275.0,19.0,37.0
MT,2017,14,25,2017-06-25,11.0,42.0,11.0,27.0,9.0,288.0,22.0,36.0
MT,2017,15,26,2017-07-02,3.0,41.0,5.0,32.0,19.0,241.0,8.0,51.0
MT,2017,16,27,2017-07-09,3.0,27.0,8.0,29.0,33.0,219.0,11.0,62.0
MT,2017,17,28,2017-07-16,4.0,23.0,12.0,30.0,31.0,228.0,16.0,61.0
MT,2017,18,29,2017-07-23,3.0,32.0,10.0,22.0,33.0,228.0,13.0,55.0
MT,2017,19,30,2017-07-30,2.0,33.0,7.0,27.0,31.0,222.0,9.0,58.0
MT,2017,20,31,2017-08-06,2.0,28.0,7.0,28.0,35.0,213.0,9.0,63.0
MT,2017,21,32,2017-08-13,3.0,26.0,8.0,17.0,46.0,205.0,11.0,63.0
MT,2017,22,33,2017-08-20,2.0,27.0,6.0,23.0,42.0,203.0,8.0,65.0
MT,2018,11,22,2018-06-03,4.0,23.0,66.0,4.0,3.0,364.0,70.0,7.0
MT,2018,12,23,2018-06-10,4.0,22.0,72.0,2.0,0.0,378.0,76.0,2.0
MT,2018,13,24,2018-06-17,9.0,16.0,71.0,3.0,1.0,384.0,80.0,4.0
MT,2018,14,25,2018-06-24,10.0,15.0,67.0,5.0,3.0,376.0,77.0,8.0
MT,2018,15,26,2018-07-01,9.0,17.0,66.0,5.0,3.0,373.0,75.0,8.0
MT,2018,16,27,2018-07-08,9.0,14.0,75.0,2.0,0.0,391.0,84.0,2.0
MT,2018,17,28,2018-07-15,10.0,16.0,70.0,3.0,1.0,385.0,80.0,4.0
MT,2018,18,29,2018-07-22,11.0,25.0,54.0,7.0,3.0,363.0,65.0,10.0
MT,2018,19,30,2018-07-29,10.0,26.0,54.0,7.0,3.0,361.0,64.0,10.0
MT,2018,20,31,2018-08-05,12.0,29.0,49.0,9.0,1.0,362.0,61.0,10.0
MT,2018,21,32,2018-08-12,9.0,28.0,55.0,7.0,1.0,364.0,64.0,8.0
MT,2018,22,33,2018-08-19,11.0,28.0,49.0,10.0,2.0,357.0,60.0,12.0
MT,2018,23,34,2018-08-26,11.0,30.0,49.0,7.0,3.0,358.0,60.0,10.0
MT,2019,11,22,2019-06-02,9.0,11.0,79.0,1.0,0.0,396.0,88.0,1.0
MT,2019,12,23,2019-06-09,7.0,16.0,75.0,1.0,1.0,386.0,82.0,2.0
MT,2019,13,24,2019-06-16,4.0,28.0,64.0,2.0,2.0,366.0,68.0,4.0
MT,2019,14,25,2019-06-23,5.0,37.0,50.0,7.0,1.0,351.0,55.0,8.0
MT,2019,15,26,2019-06-30,2.0,29.0,59.0,8.0,2.0,351.0,61.0,10.0
MT,2019,16,27,2019-07-07,2.0,20.0,68.0,10.0,0.0,362.0,70.0,10.0
MT,2019,17,28,2019-07-14,8.0,21.0,59.0,11.0,1.0,362.0,67.0,12.0
MT,2019,18,29,2019-07-21,11.0,22.0,53.0,13.0,1.0,360.0,64.0,14.0
MT,2019,19,30,2019-07-28,10.0,22.0,54.0,13.0,1.0,359.0,64.0,14.0
MT,2019,20,31,2019-08-04,7.0,20.0,62.0,11.0,0.0,365.0,69.0,11.0
MT,2019,21,32,2019-08-11,11.0,23.0,50.0,15.0,1.0,355.0,61.0,16.0
MT,2019,22,33,2019-08-18,9.0,27.0,52.0,10.0,2.0,356.0,61.0,12.0
MT,2019,23,34,2019-08-25,8.0,25.0,59.0,7.0,1.0,366.0,67.0,8.0
MT,2019,24,35,2019-09-01,10.0,28.0,50.0,10.0,2.0,356.0,60.0,12.0
MT,2019,25,36,2019-09-08,11.0,35.0,41.0,11.0,2.0,348.0,52.0,13.0
MT,2020,10,21,2020-05-24,3.0,23.0,73.0,1.0,0.0,378.0,76.0,1.0
MT,2020,11,22,2020-05-31,5.0,14.0,80.0,1.0,0.0,389.0,85.0,1.0
MT,2020,12,23,2020-06-07,14.0,14.0,70.0,2.0,0.0,396.0,84.0,2.0
MT,2020,13,24,2020-06-14,6.0,15.0,78.0,1.0,0.0,389.0,84.0,1.0
MT,2020,14,25,2020-06-21,6.0,14.0,79.0,1.0,0.0,390.0,85.0,1.0
MT,2020,15,26,2020-06-28,13.0,16.0,68.0,3.0,0.0,391.0,81.0,3.0
MT,2020,16,27,2020-07-05,17.0,15.0,65.0,3.0,0.0,396.0,82.0,3.0
MT,2020,17,28,2020-07-12,16.0,18.0,63.0,3.0,0.0,392.0,79.0,3.0
MT,2020,18,29,2020-07-19,22.0,18.0,57.0,3.0,0.0,398.0,79.0,3.0
MT,2020,19,30,2020-07-26,15.0,15.0,65.0,3.0,2.0,388.0,80.0,5.0
MT,2020,20,31,2020-08-02,15.0,17.0,65.0,2.0,1.0,391.0,80.0,3.0
MT,2020,21,32,2020-08-09,20.0,18.0,59.0,2.0,1.0,395.0,79.0,3.0
MT,2020,22,33,2020-08-16,22.0,19.0,55.0,3.0,1.0,394.0,77.0,4.0
MT,2020,23,34,2020-08-23,26.0,14.0,56.0,3.0,1.0,403.0,82.0,4.0
MT,2021,8,19,2021-05-16,0.0,51.0,43.0,3.0,3.0,334.0,43.0,6.0
MT,2021,9,20,2021-05-23,3.0,30.0,59.0,8.0,0.0,357.0,62.0,8.0
MT,2021,10,21,2021-05-30,0.0,30.0,59.0,10.0,1.0,347.0,59.0,11.0
MT,2021,11,22,2021-06-06,1.0,35.0,46.0,15.0,3.0,327.0,47.0,18.0
MT,2021,12,23,2021-06-13,3.0,34.0,47.0,13.0,3.0,334.0,50.0,16.0
MT,2021,13,24,2021-06-20,3.0,39.0,40.0,14.0,4.0,324.0,43.0,18.0
MT,2021,14,25,2021-06-27,2.0,51.0,19.0,25.0,3.0,292.0,21.0,28.0
MT,2021,15,26,2021-07-04,2.0,30.0,5.0,45.0,18.0,228.0,7.0,63.0
MT,2021,16,27,2021-07-11,3.0,21.0,13.0,42.0,21.0,235.0,16.0,63.0
MT,2021,17,28,2021-07-18,1.0,19.0,11.0,34.0,35.0,209.0,12.0,69.0
MT,2021,18,29,2021-07-25,0.0,9.0,4.0,36.0,51.0,166.0,4.0,87.0
MT,2021,19,30,2021-08-01,0.0,12.0,3.0,43.0,42.0,176.0,3.0,85.0
MT,2021,20,31,2021-08-08,0.0,25.0,5.0,33.0,37.0,198.0,5.0,70.0
MT,2021,21,32,2021-08-15,0.0,18.0,4.0,42.0,36.0,190.0,4.0,78.0
MT,2022,10,21,2022-05-29,1.0,49.0,22.0,20.0,8.0,288.0,23.0,28.0
MT,2022,11,22,2022-06-05,1.0,51.0,17.0,28.0,3.0,285.0,18.0,31.0
MT,2022,12,23,2022-06-12,0.0,55.0,15.0,21.0,9.0,276.0,15.0,30.0
MT,2022,13,24,2022-06-19,1.0,54.0,24.0,16.0,5.0,300.0,25.0,21.0
MT,2022,14,25,2022-06-26,1.0,47.0,27.0,15.0,10.0,294.0,28.0,25.0
MT,2022,15,26,2022-07-03,2.0,38.0,34.0,18.0,8.0,304.0,36.0,26.0
MT,2022,16,27,2022-07-10,3.0,43.0,41.0,11.0,2.0,332.0,44.0,13.0
MT,2022,17,28,2022-07-17,3.0,34.0,47.0,13.0,3.0,334.0,50.0,16.0
MT,2022,18,29,2022-07-24,2.0,34.0,41.0,19.0,4.0,318.0,43.0,23.0
MT,2022,19,30,2022-07-31,3.0,36.0,39.0,18.0,4.0,319.0,42.0,22.0
MT,2022,20,31,2022-08-07,1.0,41.0,36.0,18.0,4.0,312.0,37.0,22.0
MT,2022,21,32,2022-08-14,0.0,48.0,38.0,14.0,0.0,324.0,38.0,14.0
MT,2022,22,33,2022-08-21,1.0,49.0,30.0,19.0,1.0,311.0,31.0,20.0
MT,2022,23,34,2022-08-28,2.0,41.0,39.0,15.0,3.0,322.0,41.0,18.0
MT,2023,11,22,2023-06-04,1.0,41.0,57.0,1.0,0.0,358.0,58.0,1.0
MT,2023,12,23,2023-06-11,0.0,47.0,48.0,4.0,1.0,342.0,48.0,5.0
MT,2023,13,24,2023-06-18,1.0,52.0,39.0,7.0,1.0,332.0,40.0,8.0
MT,2023,14,25,2023-06-25,1.0,49.0,48.0,2.0,0.0,348.0,49.0,2.0
MT,2023,15,26,2023-07-02,1.0,40.0,57.0,2.0,0.0,357.0,58.0,2.0
MT,2023,16,27,2023-07-09,3.0,42.0,47.0,7.0,1.0,344.0,50.0,8.0
MT,2023,17,28,2023-07-16,4.0,45.0,38.0,12.0,1.0,332.0,42.0,13.0
MT,2023,18,29,2023-07-23,6.0,54.0,29.0,11.0,0.0,330.0,35.0,11.0
MT,2023,19,30,2023-07-30,4.0,53.0,31.0,12.0,0.0,327.0,35.0,12.0
MT,2023,20,31,2023-08-06,4.0,46.0,35.0,15.0,0.0,328.0,39.0,15.0
MT,2023,21,32,2023-08-13,5.0,45.0,34.0,16.0,0.0,328.0,39.0,16.0
MT,2023,22,33,2023-08-20,3.0,54.0,25.0,18.0,0.0,313.0,28.0,18.0
MT,2023,23,34,2023-08-27,7.0,50.0,25.0,18.0,0.0,321.0,32.0,18.0
MT,2023,24,35,2023-09-03,7.0,44.0,31.0,17.0,1.0,326.0,38.0,18.0
MT,2024,11,22,2024-06-02,1.0,43.0,52.0,4.0,0.0,350.0,53.0,4.0
MT,2024,12,23,2024-06-09,0.0,34.0,61.0,5.0,0.0,356.0,61.0,5.0
MT,2024,13,24,2024-06-16,1.0,25.0,69.0,5.0,0.0,366.0,70.0,5.0
MT,2024,14,25,2024-06-23,4.0,30.0,62.0,4.0,0.0,366.0,66.0,4.0
MT,2024,15,26,2024-06-30,4.0,39.0,53.0,4.0,0.0,357.0,57.0,4.0
MT,2024,16,27,2024-07-07,6.0,30.0,59.0,5.0,0.0,366.0,65.0,5.0
MT,2024,17,28,2024-07-14,5.0,21.0,68.0,6.0,0.0,372.0,73.0,6.0
MT,2024,18,29,2024-07-21,5.0,19.0,71.0,5.0,0.0,376.0,76.0,5.0
MT,2024,19,30,2024-07-28,6.0,27.0,63.0,4.0,0.0,371.0,69.0,4.0
MT,2024,20,31,2024-08-04,3.0,25.0,65.0,5.0,2.0,362.0,68.0,7.0
MT,2024,21,32,2024-08-11,2.0,34.0,56.0,6.0,2.0,350.0,58.0,8.0
MT,2024,22,33,2024-08-18,1.0,29.0,62.0,7.0,1.0,355.0,63.0,8.0
MT,2024,23,34,2024-08-25,2.0,27.0,55.0,11.0,5.0,338.0,57.0,16.0
MT,2025,10,21,2025-05-25,1.0,46.0,35.0,17.0,1.0,318.0,36.0,18.0
MT,2025,11,22,2025-06-01,0.0,40.0,33.0,26.0,1.0,305.0,33.0,27.0
MT,2025,12,23,2025-06-08,1.0,49.0,24.0,26.0,0.0,300.0,25.0,26.0
MT,2025,13,24,2025-06-15,1.0,56.0,15.0,27.0,1.0,288.0,16.0,28.0
MT,2025,14,25,2025-06-22,0.0,48.0,10.0,32.0,10.0,258.0,10.0,42.0
MT,2025,15,26,2025-06-29,0.0,57.0,2.0,40.0,1.0,260.0,2.0,41.0
MT,2025,16,27,2025-07-06,0.0,61.0,2.0,32.0,5.0,260.0,2.0,37.0
MT,2025,17,28,2025-07-13,0.0,61.0,4.0,34.0,1.0,268.0,4.0,35.0
MT,2025,18,29,2025-07-20,0.0,52.0,7.0,33.0,8.0,258.0,7.0,41.0
MT,2025,19,30,2025-07-27,1.0,48.0,5.0,32.0,14.0,247.0,6.0,46.0
MT,2025,20,31,2025-08-03,1.0,48.0,4.0,33.0,14.0,245.0,5.0,47.0
MT,2025,21,32,2025-08-10,0.0,49.0,4.0,32.0,15.0,242.0,4.0,47.0
MT,2025,22,33,2025-08-17,0.0,47.0,5.0,33.0,15.0,242.0,5.0,48.0
MT,2025,23,34,2025-08-24,0.0,50.0,1.0,35.0,14.0,238.0,1.0,49.0
ND,2016,9,20,2016-05-22,4.0,18.0,76.0,2.0,0.0,382.0,80.0,2.0
ND,2016,10,21,2016-05-29,5.0,14.0,79.0,2.0,0.0,387.0,84.0,2.0
ND,2016,11,22,2016-06-05,7.0,14.0,77.0,2.0,0.0,389.0,84.0,2.0
ND,2016,12,23,2016-06-12,8.0,13.0,77.0,2.0,0.0,391.0,85.0,2.0
ND,2016,13,24,2016-06-19,8.0,14.0,74.0,3.0,1.0,385.0,82.0,4.0
ND,2016,14,25,2016-06-26,8.0,17.0,70.0,4.0,1.0,380.0,78.0,5.0
ND,2016,15,26,2016-07-03,8.0,17.0,69.0,5.0,1.0,378.0,77.0,6.0
ND,2016,16,27,2016-07-10,8.0,19.0,66.0,5.0,2.0,373.0,74.0,7.0
ND,2016,17,28,2016-07-17,9.0,20.0,64.0,5.0,2.0,373.0,73.0,7.0
ND,2016,18,29,2016-07-24,8.0,19.0,63.0,7.0,3.0,366.0,71.0,10.0
ND,2016,19,30,2016-07-31,9.0,19.0,62.0,7.0,3.0,367.0,71.0,10.0
ND,2016,20,31,2016-08-07,9.0,19.0,62.0,7.0,3.0,367.0,71.0,10.0
ND,2016,21,32,2016-08-14,10.0,20.0,61.0,6.0,3.0,369.0,71.0,9.0
ND,2016,22,33,2016-08-21,10.0,20.0,61.0,6.0,3.0,369.0,71.0,9.0
ND,2017,10,21,2017-05-28,8.0,32.0,54.0,5.0,1.0,363.0,62.0,6.0
ND,2017,11,22,2017-06-04,5.0,38.0,47.0,8.0,2.0,345.0,52.0,10.0
ND,2017,12,23,2017-06-11,4.0,40.0,39.0,11.0,6.0,324.0,43.0,17.0
ND,2017,13,24,2017-06-18,3.0,34.0,39.0,18.0,6.0,315.0,42.0,24.0
ND,2017,14,25,2017-06-25,3.0,34.0,36.0,18.0,9.0,306.0,39.0,27.0
ND,2017,15,26,2017-07-02,4.0,29.0,37.0,19.0,11.0,304.0,41.0,30.0
ND,2017,16,27,2017-07-09,4.0,29.0,32.0,19.0,16.0,289.0,36.0,35.0
ND,2017,17,28,2017-07-16,4.0,28.0,28.0,19.0,21.0,275.0,32.0,40.0
ND,2017,18,29,2017-07-23,3.0,29.0,29.0,20.0,19.0,277.0,32.0,39.0
ND,2017,19,30,2017-07-30,4.0,27.0,25.0,22.0,22.0,267.0,29.0,44.0
ND,2017,20,31,2017-08-06,6.0,27.0,27.0,20.0,20.0,279.0,33.0,40.0
ND,2017,21,32,2017-08-13,4.0,27.0,31.0,19.0,19.0,282.0,35.0,38.0
ND,2017,22,33,2017-08-20,5.0,26.0,30.0,19.0,20.0,281.0,35.0,39.0
ND,2018,11,22,2018-06-03,5.0,29.0,63.0,3.0,0.0,370.0,68.0,3.0
ND,2018,12,23,2018-06-10,6.0,27.0,65.0,2.0,0.0,375.0,71.0,2.0
ND,2018,13,24,2018-06-17,14.0,18.0,66.0,2.0,0.0,392.0,80.0,2.0
ND,2018,14,25,2018-06-24,12.0,17.0,68.0,2.0,1.0,388.0,80.0,3.0
ND,2018,15,26,2018-07-01,11.0,17.0,69.0,3.0,0.0,388.0,80.0,3.0
ND,2018,16,27,2018-07-08,12.0,14.0,70.0,3.0,1.0,389.0,82.0,4.0
ND,2018,17,28,2018-07-15,11.0,13.0,72.0,3.0,1.0,389.0,83.0,4.0
ND,2018,18,29,2018-07-22,13.0,11.0,75.0,1.0,0.0,400.0,88.0,1.0
ND,2018,19,30,2018-07-29,12.0,11.0,75.0,2.0,0.0,397.0,87.0,2.0
ND,2018,20,31,2018-08-05,13.0,14.0,70.0,3.0,0.0,393.0,83.0,3.0
ND,2018,21,32,2018-08-12,14.0,15.0,69.0,2.0,0.0,395.0,83.0,2.0
ND,2018,22,33,2018-08-19,10.0,16.0,72.0,2.0,0.0,390.0,82.0,2.0
ND,2019,11,22,2019-06-02,7.0,11.0,81.0,1.0,0.0,394.0,88.0,1.0
ND,2019,12,23,2019-06-09,8.0,15.0,76.0,1.0,0.0,391.0,84.0,1.0
ND,2019,13,24,2019-06-16,8.0,16.0,75.0,1.0,0.0,390.0,83.0,1.0
ND,2019,14,25,2019-06-23,7.0,17.0,75.0,1.0,0.0,388.0,82.0,1.0
ND,2019,15,26,2019-06-30,8.0,17.0,73.0,2.0,0.0,387.0,81.0,2.0
ND,2019,16,27,2019-07-07,8.0,17.0,74.0,1.0,0.0,389.0,82.0,1.0
ND,2019,17,28,2019-07-14,11.0,18.0,69.0,2.0,0.0,389.0,80.0,2.0
ND,2019,18,29,2019-07-21,14.0,18.0,66.0,2.0,0.0,392.0,80.0,2.0
ND,2019,19,30,2019-07-28,11.0,19.0,67.0,3.0,0.0,386.0,78.0,3.0
ND,2019,20,31,2019-08-04,11.0,21.0,64.0,4.0,0.0,382.0,75.0,4.0
ND,2019,21,32,2019-08-11,11.0,23.0,60.0,5.0,1.0,375.0,71.0,6.0
ND,2019,22,33,2019-08-18,12.0,22.0,59.0,6.0,1.0,375.0,71.0,7.0
ND,2019,23,34,2019-08-25,8.0,24.0,61.0,6.0,1.0,369.0,69.0,7.0
ND,2019,24,35,2019-09-01,8.0,23.0,63.0,5.0,1.0,372.0,71.0,6.0
ND,2020,11,22,2020-05-31,5.0,16.0,77.0,1.0,1.0,384.0,82.0,2.0
ND,2020,12,23,2020-06-07,5.0,15.0,79.0,1.0,0.0,388.0,84.0,1.0
ND,2020,13,24,2020-06-14,5.0,19.0,73.0,3.0,0.0,380.0,78.0,3.0
ND,2020,14,25,2020-06-21,6.0,26.0,63.0,4.0,1.0,369.0,69.0,5.0
ND,2020,15,26,2020-06-28,6.0,32.0,53.0,7.0,2.0,354.0,59.0,9.0
ND,2020,16,27,2020-07-05,6.0,30.0,55.0,7.0,2.0,356.0,61.0,9.0
ND,2020,17,28,2020-07-12,7.0,29.0,54.0,7.0,3.0,355.0,61.0,10.0
ND,2020,18,29,2020-07-19,8.0,30.0,54.0,6.0,2.0,360.0,62.0,8.0
ND,2020,19,30,2020-07-26,7.0,30.0,57.0,4.0,2.0,363.0,64.0,6.0
ND,2020,20,31,2020-08-02,9.0,26.0,59.0,5.0,1.0,370.0,68.0,6.0
ND,2020,21,32,2020-08-09,8.0,29.0,55.0,6.0,2.0,361.0,63.0,8.0
ND,2020,22,33,2020-08-16,7.0,29.0,58.0,4.0,2.0,364.0,65.0,6.0
ND,2020,23,34,2020-08-23,7.0,29.0,56.0,5.0,3.0,359.0,63.0,8.0
ND,2020,24,35,2020-08-30,9.0,25.0,55.0,7.0,4.0,358.0,64.0,11.0
ND,2021,9,20,2021-05-23,3.0,50.0,28.0,15.0,4.0,311.0,31.0,19.0
ND,2021,10,21,2021-05-30,4.0,42.0,27.0,21.0,6.0,302.0,31.0,27.0
ND,2021,11,22,2021-06-06,2.0,39.0,30.0,16.0,13.0,292.0,32.0,29.0
ND,2021,12,23,2021-06-13,2.0,37.0,27.0,20.0,14.0,283.0,29.0,34.0
ND,2021,13,24,2021-06-20,1.0,31.0,18.0,27.0,23.0,247.0,19.0,50.0
ND,2021,14,25,2021-06-27,2.0,36.0,18.0,25.0,19.0,259.0,20.0,44.0
ND,2021,15,26,2021-07-04,2.0,32.0,16.0,29.0,21.0,249.0,18.0,50.0
ND,2021,16,27,2021-07-11,1.0,30.0,15.0,32.0,22.0,241.0,16.0,54.0
ND,2021,17,28,2021-07-18,1.0,25.0,10.0,34.0,30.0,218.0,11.0,64.0
ND,2021,18,29,2021-07-25,1.0,28.0,10.0,33.0,28.0,223.0,11.0,61.0
ND,2021,19,30,2021-08-01,1.0,30.0,11.0,31.0,27.0,228.0,12.0,58.0
ND,2021,20,31,2021-08-08,1.0,27.0,11.0,32.0,29.0,223.0,12.0,61.0
ND,2021,21,32,2021-08-15,1.0,27.0,11.0,34.0,27.0,225.0,12.0,61.0
ND,2022,12,23,2022-06-12,6.0,31.0,61.0,2.0,0.0,371.0,67.0,2.0
ND,2022,13,24,2022-06-19,9.0,29.0,62.0,0.0,0.0,380.0,71.0,0.0
ND,2022,14,25,2022-06-26,7.0,30.0,62.0,1.0,0.0,375.0,69.0,1.0
ND,2022,15,26,2022-07-03,9.0,23.0,67.0,1.0,0.0,384.0,76.0,1.0
ND,2022,16,27,2022-07-10,9.0,17.0,73.0,1.0,0.0,390.0,82.0,1.0
ND,2022,17,28,2022-07-17,13.0,18.0,67.0,2.0,0.0,391.0,80.0,2.0
ND,2022,18,29,2022-07-24,13.0,20.0,65.0,2.0,0.0,389.0,78.0,2.0
ND,2022,19,30,2022-07-31,13.0,19.0,67.0,1.0,0.0,392.0,80.0,1.0
ND,2022,20,31,2022-08-07,14.0,24.0,60.0,2.0,0.0,386.0,74.0,2.0
ND,2022,21,32,2022-08-14,10.0,26.0,62.0,2.0,0.0,380.0,72.0,2.0
ND,2022,22,33,2022-08-21,13.0,24.0,61.0,2.0,0.0,385.0,74.0,2.0
ND,2022,23,34,2022-08-28,16.0,23.0,60.0,1.0,0.0,391.0,76.0,1.0
ND,2022,24,35,2022-09-04,13.0,24.0,62.0,1.0,0.0,387.0,75.0,1.0
ND,2023,11,22,2023-06-04,7.0,31.0,60.0,2.0,0.0,372.0,67.0,2.0
ND,2023,12,23,2023-06-11,5.0,27.0,62.0,4.0,2.0,364.0,67.0,6.0
ND,2023,13,24,2023-06-18,3.0,33.0,52.0,9.0,3.0,343.0,55.0,12.0
ND,2023,14,25,2023-06-25,3.0,35.0,46.0,12.0,4.0,332.0,49.0,16.0
ND,2023,15,26,2023-07-02,2.0,43.0,38.0,12.0,5.0,320.0,40.0,17.0
ND,2023,16,27,2023-07-09,2.0,36.0,40.0,15.0,7.0,315.0,42.0,22.0
ND,2023,17,28,2023-07-16,3.0,34.0,48.0,11.0,4.0,335.0,51.0,15.0
ND,2023,18,29,2023-07-23,3.0,28.0,51.0,12.0,6.0,333.0,54.0,18.0
ND,2023,19,30,2023-07-30,2.0,38.0,42.0,13.0,5.0,323.0,44.0,18.0
ND,2023,20,31,2023-08-06,2.0,35.0,41.0,17.0,5.0,318.0,43.0,22.0
ND,2023,21,32,2023-08-13,2.0,35.0,40.0,17.0,6.0,315.0,42.0,23.0
ND,2023,22,33,2023-08-20,2.0,35.0,37.0,20.0,6.0,309.0,39.0,26.0
ND,2023,23,34,2023-08-27,2.0,34.0,33.0,24.0,7.0,299.0,35.0,31.0
ND,2023,24,35,2023-09-03,3.0,35.0,41.0,16.0,5.0,321.0,44.0,21.0
ND,2024,11,22,2024-06-02,7.0,16.0,75.0,2.0,0.0,387.0,82.0,2.0
ND,2024,12,23,2024-06-09,6.0,19.0,73.0,2.0,0.0,383.0,79.0,2.0
ND,2024,13,24,2024-06-16,10.0,16.0,72.0,1.0,1.0,389.0,82.0,2.0
ND,2024,14,25,2024-06-23,9.0,24.0,63.0,2.0,2.0,375.0,72.0,4.0
ND,2024,15,26,2024-06-30,14.0,19.0,64.0,2.0,1.0,388.0,78.0,3.0
ND,2024,16,27,2024-07-07,14.0,16.0,67.0,2.0,1.0,391.0,81.0,3.0
ND,2024,17,28,2024-07-14,12.0,16.0,70.0,2.0,0.0,392.0,82.0,2.0
ND,2024,18,29,2024-07-21,16.0,14.0,67.0,2.0,1.0,395.0,83.0,3.0
ND,2024,19,30,2024-07-28,15.0,16.0,66.0,3.0,0.0,393.0,81.0,3.0
ND,2024,20,31,2024-08-04,14.0,17.0,66.0,2.0,1.0,390.0,80.0,3.0
ND,2024,21,32,2024-08-11,19.0,16.0,62.0,2.0,1.0,396.0,81.0,3.0
ND,2024,22,33,2024-08-18,17.0,18.0,61.0,3.0,1.0,390.0,78.0,4.0
ND,2024,23,34,2024-08-25,20.0,16.0,57.0,5.0,2.0,388.0,77.0,7.0
ND,2025,10,21,2025-05-25,1.0,37.0,36.0,21.0,5.0,307.0,37.0,26.0
ND,2025,11,22,2025-06-01,3.0,40.0,45.0,12.0,0.0,339.0,48.0,12.0
ND,2025,12,23,2025-06-08,3.0,40.0,54.0,3.0,0.0,357.0,57.0,3.0
ND,2025,13,24,2025-06-15,6.0,31.0,60.0,3.0,0.0,369.0,66.0,3.0
ND,2025,14,25,2025-06-22,8.0,25.0,60.0,6.0,1.0,368.0,68.0,7.0
ND,2025,15,26,2025-06-29,7.0,26.0,62.0,4.0,1.0,370.0,69.0,5.0
ND,2025,16,27,2025-07-06,7.0,25.0,61.0,5.0,2.0,366.0,68.0,7.0
ND,2025,17,28,2025-07-13,7.0,24.0,64.0,4.0,1.0,372.0,71.0,5.0
ND,2025,18,29,2025-07-20,6.0,27.0,61.0,4.0,2.0,365.0,67.0,6.0
ND,2025,19,30,2025-07-27,6.0,29.0,58.0,6.0,1.0,362.0,64.0,7.0
ND,2025,20,31,2025-08-03,7.0,32.0,57.0,3.0,1.0,366.0,64.0,4.0
ND,2025,21,32,2025-08-10,6.0,27.0,62.0,4.0,1.0,368.0,68.0,5.0
ND,2025,22,33,2025-08-17,5.0,26.0,65.0,4.0,0.0,371.0,70.0,4.0
ND,2025,23,34,2025-08-24,7.0,27.0,61.0,4.0,1.0,369.0,68.0,5.0
ND,2025,24,35,2025-08-31,8.0,22.0,65.0,4.0,1.0,375.0,73.0,5.0
OR,2016,2,13,2016-04-03,44.0,0.0,56.0,0.0,0.0,444.0,100.0,0.0
OR,2016,3,14,2016-04-10,38.0,0.0,62.0,0.0,0.0,438.0,100.0,0.0
OR,2016,4,15,2016-04-17,38.0,0.0,62.0,0.0,0.0,438.0,100.0,0.0
OR,2016,5,16,2016-04-24,31.0,5.0,64.0,0.0,0.0,426.0,95.0,0.0
OR,2016,6,17,2016-05-01,26.0,6.0,68.0,0.0,0.0,420.0,94.0,0.0
OR,2016,7,18,2016-05-08,26.0,11.0,63.0,0.0,0.0,415.0,89.0,0.0
OR,2016,8,19,2016-05-15,25.0,15.0,59.0,1.0,0.0,408.0,84.0,1.0
OR,2016,9,20,2016-05-22,18.0,20.0,60.0,2.0,0.0,394.0,78.0,2.0
OR,2016,10,21,2016-05-29,17.0,20.0,60.0,2.0,1.0,390.0,77.0,3.0
OR,2016,11,22,2016-06-05,17.0,21.0,58.0,3.0,1.0,387.0,75.0,4.0
OR,2016,12,23,2016-06-12,17.0,24.0,55.0,2.0,2.0,383.0,72.0,4.0
OR,2016,13,24,2016-06-19,17.0,22.0,57.0,2.0,2.0,385.0,74.0,4.0
OR,2016,14,25,2016-06-26,15.0,27.0,51.0,4.0,3.0,371.0,66.0,7.0
OR,2016,15,26,2016-07-03,16.0,23.0,50.0,6.0,5.0,366.0,66.0,11.0
OR,2016,16,27,2016-07-10,16.0,21.0,53.0,5.0,5.0,370.0,69.0,10.0
OR,2016,17,28,2016-07-17,16.0,24.0,49.0,7.0,4.0,366.0,65.0,11.0
OR,2016,18,29,2016-07-24,16.0,24.0,48.0,7.0,5.0,363.0,64.0,12.0
OR,2016,19,30,2016-07-31,15.0,27.0,46.0,7.0,5.0,359.0,61.0,12.0
OR,2016,20,31,2016-08-07,14.0,27.0,47.0,7.0,5.0,358.0,61.0,12.0
OR,2016,21,32,2016-08-14,14.0,27.0,47.0,7.0,5.0,358.0,61.0,12.0
OR,2017,7,18,2017-05-07,26.0,22.0,52.0,0.0,0.0,404.0,78.0,0.0
OR,2017,8,19,2017-05-14,28.0,31.0,41.0,0.0,0.0,397.0,69.0,0.0
OR,2017,9,20,2017-05-21,22.0,18.0,60.0,0.0,0.0,404.0,82.0,0.0
OR,2017,10,21,2017-05-28,25.0,25.0,49.0,1.0,0.0,398.0,74.0,1.0
OR,2017,11,22,2017-06-04,15.0,27.0,56.0,2.0,0.0,384.0,71.0,2.0
OR,2017,12,23,2017-06-11,22.0,8.0,70.0,0.0,0.0,414.0,92.0,0.0
OR,2017,13,24,2017-06-18,19.0,17.0,61.0,3.0,0.0,396.0,80.0,3.0
OR,2017,14,25,2017-06-25,21.0,9.0,68.0,1.0,1.0,407.0,89.0,2.0
OR,2017,15,26,2017-07-02,7.0,18.0,68.0,3.0,4.0,371.0,75.0,7.0
OR,2017,16,27,2017-07-09,13.0,30.0,45.0,6.0,6.0,353.0,58.0,12.0
OR,2017,17,28,2017-07-16,16.0,19.0,56.0,4.0,5.0,374.0,72.0,9.0
OR,2017,18,29,2017-07-23,5.0,25.0,58.0,6.0,6.0,350.0,63.0,12.0
OR,2017,19,30,2017-07-30,4.0,14.0,72.0,5.0,5.0,365.0,76.0,10.0
OR,2017,20,31,2017-08-06,5.0,18.0,62.0,8.0,7.0,350.0,67.0,15.0
OR,2017,21,32,2017-08-13,4.0,22.0,54.0,11.0,9.0,333.0,58.0,20.0
OR,2018,5,16,2018-04-22,2.0,47.0,49.0,2.0,0.0,351.0,51.0,2.0
OR,2018,6,17,2018-04-29,3.0,39.0,55.0,3.0,0.0,358.0,58.0,3.0
OR,2018,7,18,2018-05-06,3.0,38.0,56.0,3.0,0.0,359.0,59.0,3.0
OR,2018,8,19,2018-05-13,6.0,27.0,65.0,2.0,0.0,375.0,71.0,2.0
OR,2018,9,20,2018-05-20,8.0,25.0,62.0,5.0,0.0,373.0,70.0,5.0
OR,2018,10,21,2018-05-27,8.0,30.0,53.0,9.0,0.0,360.0,61.0,9.0
OR,2018,11,22,2018-06-03,3.0,38.0,50.0,8.0,1.0,346.0,53.0,9.0
OR,2018,12,23,2018-06-10,3.0,28.0,51.0,17.0,1.0,338.0,54.0,18.0
OR,2018,13,24,2018-06-17,3.0,31.0,42.0,21.0,3.0,321.0,45.0,24.0
OR,2018,14,25,2018-06-24,4.0,22.0,45.0,26.0,3.0,321.0,49.0,29.0
OR,2018,15,26,2018-07-01,5.0,21.0,51.0,20.0,3.0,335.0,56.0,23.0
OR,2018,16,27,2018-07-08,3.0,20.0,54.0,20.0,3.0,334.0,57.0,23.0
OR,2018,17,28,2018-07-15,1.0,23.0,67.0,6.0,3.0,357.0,68.0,9.0
OR,2018,18,29,2018-07-22,4.0,20.0,63.0,9.0,4.0,354.0,67.0,13.0
OR,2018,19,30,2018-07-29,11.0,20.0,59.0,7.0,3.0,368.0,70.0,10.0
OR,2018,20,31,2018-08-05,6.0,16.0,52.0,22.0,4.0,334.0,58.0,26.0
OR,2019,7,18,2019-05-05,14.0,5.0,73.0,4.0,4.0,389.0,87.0,8.0
OR,2019,8,19,2019-05-12,9.0,14.0,71.0,3.0,3.0,380.0,80.0,6.0
OR,2019,9,20,2019-05-19,9.0,23.0,47.0,18.0,3.0,341.0,56.0,21.0
OR,2019,10,21,2019-05-26,9.0,17.0,49.0,22.0,3.0,339.0,58.0,25.0
OR,2019,11,22,2019-06-02,9.0,20.0,47.0,20.0,4.0,337.0,56.0,24.0
OR,2019,12,23,2019-06-09,8.0,21.0,51.0,17.0,3.0,344.0,59.0,20.0
OR,2019,13,24,2019-06-16,8.0,22.0,48.0,20.0,2.0,340.0,56.0,22.0
OR,2019,14,25,2019-06-23,12.0,28.0,52.0,4.0,4.0,364.0,64.0,8.0
OR,2019,15,26,2019-06-30,13.0,32.0,51.0,2.0,2.0,371.0,64.0,4.0
OR,2019,16,27,2019-07-07,7.0,24.0,49.0,17.0,3.0,340.0,56.0,20.0
OR,2019,17,28,2019-07-14,9.0,34.0,36.0,18.0,3.0,330.0,45.0,21.0
OR,2019,18,29,2019-07-21,9.0,24.0,43.0,21.0,3.0,334.0,52.0,24.0
OR,2019,19,30,2019-07-28,7.0,39.0,33.0,19.0,2.0,324.0,40.0,21.0
OR,2019,20,31,2019-08-04,6.0,29.0,44.0,18.0,3.0,332.0,50.0,21.0
OR,2019,21,32,2019-08-11,5.0,30.0,42.0,21.0,2.0,327.0,47.0,23.0
OR,2019,22,33,2019-08-18,4.0,28.0,38.0,27.0,3.0,313.0,42.0,30.0
OR,2020,6,17,2020-04-26,8.0,47.0,15.0,16.0,14.0,287.0,23.0,30.0
OR,2020,7,18,2020-05-03,10.0,26.0,36.0,15.0,13.0,315.0,46.0,28.0
OR,2020,8,19,2020-05-10,6.0,29.0,32.0,20.0,13.0,298.0,38.0,33.0
OR,2020,9,20,2020-05-17,7.0,25.0,49.0,14.0,5.0,339.0,56.0,19.0
OR,2020,10,21,2020-05-24,6.0,25.0,37.0,19.0,13.0,304.0,43.0,32.0
OR,2020,11,22,2020-05-31,9.0,30.0,28.0,20.0,13.0,300.0,37.0,33.0
OR,2020,12,23,2020-06-07,8.0,30.0,26.0,21.0,15.0,291.0,34.0,36.0
OR,2020,13,24,2020-06-14,12.0,38.0,33.0,15.0,2.0,338.0,45.0,17.0
OR,2020,14,25,2020-06-21,6.0,48.0,30.0,14.0,2.0,324.0,36.0,16.0
OR,2020,15,26,2020-06-28,7.0,32.0,30.0,19.0,12.0,301.0,37.0,31.0
OR,2020,16,27,2020-07-05,8.0,23.0,36.0,21.0,12.0,307.0,44.0,33.0
OR,2020,17,28,2020-07-12,5.0,29.0,32.0,21.0,13.0,295.0,37.0,34.0
OR,2020,18,29,2020-07-19,4.0,40.0,40.0,13.0,3.0,329.0,44.0,16.0
OR,2020,19,30,2020-07-26,5.0,25.0,39.0,17.0,14.0,304.0,44.0,31.0
OR,2020,20,31,2020-08-02,5.0,31.0,35.0,16.0,13.0,303.0,40.0,29.0
OR,2020,21,32,2020-08-09,7.0,25.0,29.0,22.0,17.0,287.0,36.0,39.0
OR,2021,6,17,2021-05-02,3.0,27.0,27.0,37.0,6.0,284.0,30.0,43.0
OR,2021,7,18,2021-05-09,1.0,22.0,33.0,38.0,6.0,285.0,34.0,44.0
OR,2021,8,19,2021-05-16,1.0,27.0,21.0,37.0,14.0,258.0,22.0,51.0
OR,2021,9,20,2021-05-23,1.0,26.0,19.0,38.0,16.0,251.0,20.0,54.0
OR,2021,10,21,2021-05-30,1.0,24.0,19.0,32.0,24.0,241.0,20.0,56.0
OR,2021,11,22,2021-06-06,0.0,32.0,14.0,32.0,22.0,238.0,14.0,54.0
OR,2021,12,23,2021-06-13,0.0,14.0,29.0,39.0,18.0,254.0,29.0,57.0
OR,2021,13,24,2021-06-20,0.0,14.0,24.0,35.0,27.0,235.0,24.0,62.0
OR,2021,14,25,2021-06-27,1.0,20.0,15.0,37.0,27.0,226.0,16.0,64.0
OR,2021,15,26,2021-07-04,1.0,25.0,15.0,26.0,33.0,225.0,16.0,59.0
OR,2021,16,27,2021-07-11,1.0,19.0,17.0,17.0,46.0,210.0,18.0,63.0
OR,2021,17,28,2021-07-18,1.0,21.0,16.0,17.0,45.0,211.0,17.0,62.0
OR,2021,18,29,2021-07-25,1.0,22.0,14.0,16.0,47.0,206.0,15.0,63.0
OR,2021,19,30,2021-08-01,1.0,19.0,14.0,20.0,46.0,204.0,15.0,66.0
OR,2022,6,17,2022-05-01,9.0,48.0,41.0,1.0,1.0,356.0,50.0,2.0
OR,2022,7,18,2022-05-08,14.0,34.0,50.0,1.0,1.0,375.0,64.0,2.0
OR,2022,8,19,2022-05-15,16.0,35.0,47.0,1.0,1.0,376.0,63.0,2.0
OR,2022,9,20,2022-05-22,18.0,40.0,38.0,2.0,2.0,368.0,56.0,4.0
OR,2022,10,21,2022-05-29,12.0,45.0,40.0,2.0,1.0,360.0,52.0,3.0
OR,2022,11,22,2022-06-05,15.0,45.0,36.0,2.0,2.0,360.0,51.0,4.0
OR,2022,12,23,2022-06-12,20.0,42.0,36.0,1.0,1.0,373.0,56.0,2.0
OR,2022,13,24,2022-06-19,23.0,42.0,31.0,2.0,2.0,371.0,54.0,4.0
OR,2022,14,25,2022-06-26,23.0,34.0,39.0,2.0,2.0,379.0,62.0,4.0
OR,2022,15,26,2022-07-03,27.0,32.0,37.0,2.0,2.0,385.0,64.0,4.0
OR,2022,16,27,2022-07-10,25.0,30.0,41.0,2.0,2.0,385.0,66.0,4.0
OR,2022,17,28,2022-07-17,19.0,32.0,47.0,1.0,1.0,382.0,66.0,2.0
OR,2022,18,29,2022-07-24,21.0,30.0,45.0,2.0,2.0,381.0,66.0,4.0
OR,2022,19,30,2022-07-31,21.0,30.0,45.0,2.0,2.0,381.0,66.0,4.0
OR,2022,20,31,2022-08-07,20.0,36.0,40.0,2.0,2.0,374.0,60.0,4.0
OR,2022,21,32,2022-08-14,12.0,37.0,49.0,1.0,1.0,370.0,61.0,2.0
OR,2022,22,33,2022-08-21,16.0,40.0,42.0,1.0,1.0,371.0,58.0,2.0
OR,2023,7,18,2023-05-07,6.0,56.0,33.0,3.0,2.0,338.0,39.0,5.0
OR,2023,8,19,2023-05-14,6.0,61.0,28.0,3.0,2.0,333.0,34.0,5.0
OR,2023,9,20,2023-05-21,4.0,54.0,27.0,12.0,3.0,317.0,31.0,15.0
OR,2023,10,21,2023-05-28,4.0,48.0,27.0,18.0,3.0,311.0,31.0,21.0
OR,2023,11,22,2023-06-04,2.0,49.0,24.0,21.0,4.0,299.0,26.0,25.0
OR,2023,12,23,2023-06-11,2.0,39.0,22.0,31.0,6.0,283.0,24.0,37.0
OR,2023,13,24,2023-06-18,1.0,31.0,22.0,38.0,8.0,270.0,23.0,46.0
OR,2023,14,25,2023-06-25,1.0,37.0,20.0,37.0,5.0,275.0,21.0,42.0
OR,2023,15,26,2023-07-02,1.0,34.0,16.0,44.0,5.0,264.0,17.0,49.0
OR,2023,16,27,2023-07-09,0.0,34.0,21.0,39.0,6.0,270.0,21.0,45.0
OR,2023,17,28,2023-07-16,0.0,36.0,22.0,36.0,6.0,274.0,22.0,42.0
OR,2023,18,29,2023-07-23,0.0,38.0,21.0,34.0,7.0,273.0,21.0,41.0
OR,2023,19,30,2023-07-30,0.0,37.0,20.0,33.0,10.0,267.0,20.0,43.0
OR,2023,20,31,2023-08-06,0.0,35.0,19.0,34.0,12.0,261.0,19.0,46.0
OR,2024,6,17,2024-04-28,10.0,22.0,64.0,3.0,1.0,379.0,74.0,4.0
OR,2024,7,18,2024-05-05,10.0,26.0,61.0,2.0,1.0,377.0,71.0,3.0
OR,2024,8,19,2024-05-12,13.0,30.0,54.0,2.0,1.0,376.0,67.0,3.0
OR,2024,9,20,2024-05-19,12.0,36.0,48.0,3.0,1.0,367.0,60.0,4.0
OR,2024,10,21,2024-05-26,14.0,35.0,47.0,3.0,1.0,370.0,61.0,4.0
OR,2024,11,22,2024-06-02,9.0,31.0,42.0,12.0,6.0,336.0,51.0,18.0
OR,2024,12,23,2024-06-09,8.0,29.0,40.0,17.0,6.0,327.0,48.0,23.0
OR,2024,13,24,2024-06-16,9.0,24.0,40.0,21.0,6.0,325.0,49.0,27.0
OR,2024,14,25,2024-06-23,12.0,21.0,40.0,21.0,6.0,331.0,52.0,27.0
OR,2024,15,26,2024-06-30,16.0,22.0,44.0,14.0,4.0,354.0,60.0,18.0
OR,2024,16,27,2024-07-07,16.0,24.0,42.0,14.0,4.0,352.0,58.0,18.0
OR,2024,17,28,2024-07-14,11.0,27.0,35.0,19.0,8.0,322.0,46.0,27.0
OR,2024,18,29,2024-07-21,15.0,30.0,33.0,16.0,6.0,335.0,48.0,22.0
OR,2024,19,30,2024-07-28,11.0,32.0,35.0,17.0,5.0,330.0,46.0,22.0
OR,2024,20,31,2024-08-04,12.0,37.0,37.0,10.0,4.0,343.0,49.0,14.0
OR,2024,21,32,2024-08-11,10.0,36.0,35.0,14.0,5.0,331.0,45.0,19.0
OR,2025,7,18,2025-05-04,9.0,34.0,47.0,9.0,1.0,354.0,56.0,10.0
OR,2025,8,19,2025-05-11,8.0,32.0,50.0,8.0,2.0,354.0,58.0,10.0
OR,2025,9,20,2025-05-18,6.0,34.0,47.0,10.0,3.0,343.0,53.0,13.0
OR,2025,10,21,2025-05-25,6.0,41.0,43.0,7.0,3.0,342.0,49.0,10.0
OR,2025,11,22,2025-06-01,7.0,35.0,47.0,8.0,3.0,347.0,54.0,11.0
OR,2025,12,23,2025-06-08,6.0,38.0,41.0,10.0,5.0,333.0,47.0,15.0
OR,2025,13,24,2025-06-15,5.0,36.0,44.0,10.0,5.0,334.0,49.0,15.0
OR,2025,14,25,2025-06-22,5.0,34.0,42.0,12.0,7.0,326.0,47.0,19.0
OR,2025,15,26,2025-06-29,4.0,31.0,47.0,13.0,5.0,332.0,51.0,18.0
OR,2025,16,27,2025-07-06,4.0,32.0,44.0,14.0,6.0,326.0,48.0,20.0
OR,2025,17,28,2025-07-13,4.0,35.0,38.0,17.0,6.0,317.0,42.0,23.0
OR,2025,18,29,2025-07-20,2.0,40.0,30.0,23.0,5.0,301.0,32.0,28.0
OR,2025,19,30,2025-07-27,2.0,37.0,24.0,32.0,5.0,286.0,26.0,37.0
OR,2025,20,31,2025-08-03,2.0,34.0,24.0,35.0,5.0,283.0,26.0,40.0
SD,2016,7,18,2016-05-08,2.0,28.0,69.0,1.0,0.0,372.0,71.0,1.0
SD,2016,8,19,2016-05-15,3.0,30.0,66.0,1.0,0.0,371.0,69.0,1.0
SD,2016,9,20,2016-05-22,5.0,28.0,66.0,1.0,0.0,375.0,71.0,1.0
SD,2016,10,21,2016-05-29,6.0,24.0,69.0,1.0,0.0,380.0,75.0,1.0
SD,2016,11,22,2016-06-05,8.0,22.0,68.0,2.0,0.0,382.0,76.0,2.0
SD,2016,12,23,2016-06-12,6.0,28.0,62.0,4.0,0.0,370.0,68.0,4.0
SD,2016,13,24,2016-06-19,6.0,29.0,62.0,3.0,0.0,371.0,68.0,3.0
SD,2016,14,25,2016-06-26,5.0,34.0,53.0,7.0,1.0,354.0,58.0,8.0
SD,2016,15,26,2016-07-03,5.0,36.0,49.0,9.0,1.0,348.0,54.0,10.0
SD,2016,16,27,2016-07-10,4.0,39.0,46.0,9.0,2.0,341.0,50.0,11.0
SD,2016,17,28,2016-07-17,3.0,42.0,41.0,11.0,3.0,330.0,44.0,14.0
SD,2016,18,29,2016-07-24,3.0,44.0,38.0,12.0,3.0,326.0,41.0,15.0
SD,2016,19,30,2016-07-31,4.0,44.0,36.0,13.0,3.0,325.0,40.0,16.0
SD,2016,20,31,2016-08-07,3.0,46.0,36.0,12.0,3.0,324.0,39.0,15.0
SD,2016,21,32,2016-08-14,3.0,47.0,36.0,11.0,3.0,325.0,39.0,14.0
SD,2017,7,18,2017-05-07,4.0,39.0,55.0,2.0,0.0,361.0,59.0,2.0
SD,2017,8,19,2017-05-14,4.0,47.0,45.0,4.0,0.0,349.0,49.0,4.0
SD,2017,9,20,2017-05-21,3.0,51.0,41.0,5.0,0.0,342.0,44.0,5.0
SD,2017,10,21,2017-05-28,3.0,38.0,36.0,21.0,2.0,317.0,39.0,23.0
SD,2017,11,22,2017-06-04,3.0,43.0,22.0,28.0,4.0,292.0,25.0,32.0
SD,2017,12,23,2017-06-11,1.0,30.0,12.0,36.0,21.0,236.0,13.0,57.0
SD,2017,13,24,2017-06-18,2.0,23.0,11.0,36.0,28.0,223.0,13.0,64.0
SD,2017,14,25,2017-06-25,1.0,26.0,11.0,31.0,31.0,220.0,12.0,62.0
SD,2017,15,26,2017-07-02,1.0,24.0,10.0,33.0,32.0,215.0,11.0,65.0
SD,2017,16,27,2017-07-09,1.0,18.0,9.0,34.0,38.0,201.0,10.0,72.0
SD,2017,17,28,2017-07-16,1.0,18.0,7.0,33.0,41.0,194.0,8.0,74.0
SD,2017,18,29,2017-07-23,1.0,16.0,7.0,33.0,43.0,190.0,8.0,76.0
SD,2017,19,30,2017-07-30,1.0,17.0,7.0,34.0,41.0,193.0,8.0,75.0
SD,2017,20,31,2017-08-06,1.0,17.0,7.0,34.0,41.0,193.0,8.0,75.0
SD,2017,21,32,2017-08-13,1.0,17.0,7.0,34.0,41.0,193.0,8.0,75.0
SD,2017,22,33,2017-08-20,1.0,17.0,7.0,34.0,41.0,193.0,8.0,75.0
SD,2018,10,21,2018-05-27,1.0,30.0,58.0,10.0,1.0,348.0,59.0,11.0
SD,2018,11,22,2018-06-03,8.0,36.0,50.0,6.0,0.0,360.0,58.0,6.0
SD,2018,12,23,2018-06-10,6.0,48.0,37.0,7.0,2.0,338.0,43.0,9.0
SD,2018,13,24,2018-06-17,4.0,37.0,48.0,7.0,4.0,341.0,52.0,11.0
SD,2018,14,25,2018-06-24,4.0,33.0,53.0,7.0,3.0,348.0,57.0,10.0
SD,2018,15,26,2018-07-01,4.0,35.0,47.0,10.0,4.0,337.0,51.0,14.0
SD,2018,16,27,2018-07-08,4.0,35.0,47.0,11.0,3.0,338.0,51.0,14.0
SD,2018,17,28,2018-07-15,4.0,36.0,47.0,10.0,3.0,339.0,51.0,13.0
SD,2018,18,29,2018-07-22,4.0,37.0,45.0,11.0,3.0,336.0,49.0,14.0
SD,2018,19,30,2018-07-29,4.0,38.0,48.0,8.0,2.0,344.0,52.0,10.0
SD,2018,20,31,2018-08-05,3.0,36.0,48.0,10.0,3.0,338.0,51.0,13.0
SD,2018,21,32,2018-08-12,3.0,36.0,48.0,10.0,3.0,338.0,51.0,13.0
SD,2018,22,33,2018-08-19,3.0,36.0,48.0,10.0,3.0,338.0,51.0,13.0
SD,2019,11,22,2019-06-02,7.0,46.0,46.0,1.0,0.0,359.0,53.0,1.0
SD,2019,12,23,2019-06-09,7.0,30.0,62.0,1.0,0.0,375.0,69.0,1.0
SD,2019,13,24,2019-06-16,7.0,30.0,63.0,0.0,0.0,377.0,70.0,0.0
SD,2019,14,25,2019-06-23,9.0,22.0,68.0,1.0,0.0,385.0,77.0,1.0
SD,2019,15,26,2019-06-30,10.0,28.0,61.0,1.0,0.0,380.0,71.0,1.0
SD,2019,16,27,2019-07-07,10.0,28.0,61.0,1.0,0.0,380.0,71.0,1.0
SD,2019,17,28,2019-07-14,13.0,25.0,61.0,1.0,0.0,386.0,74.0,1.0
SD,2019,18,29,2019-07-21,14.0,27.0,56.0,2.0,1.0,380.0,70.0,3.0
SD,2019,19,30,2019-07-28,11.0,32.0,54.0,2.0,1.0,372.0,65.0,3.0
SD,2019,20,31,2019-08-04,14.0,29.0,53.0,3.0,1.0,376.0,67.0,4.0
SD,2019,21,32,2019-08-11,15.0,32.0,47.0,4.0,2.0,369.0,62.0,6.0
SD,2019,22,33,2019-08-18,16.0,28.0,51.0,3.0,2.0,376.0,67.0,5.0
SD,2019,23,34,2019-08-25,10.0,33.0,52.0,3.0,2.0,365.0,62.0,5.0
SD,2019,24,35,2019-09-01,10.0,33.0,52.0,3.0,2.0,365.0,62.0,5.0
SD,2020,10,21,2020-05-24,7.0,21.0,72.0,0.0,0.0,386.0,79.0,0.0
SD,2020,11,22,2020-05-31,2.0,26.0,72.0,0.0,0.0,376.0,74.0,0.0
SD,2020,12,23,2020-06-07,4.0,35.0,60.0,1.0,0.0,367.0,64.0,1.0
SD,2020,13,24,2020-06-14,5.0,28.0,65.0,2.0,0.0,373.0,70.0,2.0
SD,2020,14,25,2020-06-21,5.0,19.0,72.0,3.0,1.0,377.0,77.0,4.0
SD,2020,15,26,2020-06-28,4.0,27.0,63.0,5.0,1.0,364.0,67.0,6.0
SD,2020,16,27,2020-07-05,9.0,25.0,59.0,6.0,1.0,369.0,68.0,7.0
SD,2020,17,28,2020-07-12,8.0,28.0,51.0,10.0,3.0,351.0,59.0,13.0
SD,2020,18,29,2020-07-19,5.0,28.0,58.0,7.0,2.0,357.0,63.0,9.0
SD,2020,19,30,2020-07-26,8.0,25.0,55.0,7.0,5.0,354.0,63.0,12.0
SD,2020,20,31,2020-08-02,5.0,25.0,61.0,6.0,3.0,359.0,66.0,9.0
SD,2020,21,32,2020-08-09,4.0,23.0,68.0,4.0,1.0,370.0,72.0,5.0
SD,2020,22,33,2020-08-16,4.0,25.0,66.0,4.0,1.0,368.0,70.0,5.0
SD,2020,23,34,2020-08-23,4.0,25.0,66.0,4.0,1.0,368.0,70.0,5.0
SD,2021,9,20,2021-05-23,0.0,43.0,47.0,8.0,2.0,335.0,47.0,10.0
SD,2021,10,21,2021-05-30,0.0,46.0,45.0,9.0,0.0,336.0,45.0,9.0
SD,2021,11,22,2021-06-06,0.0,51.0,16.0,26.0,7.0,276.0,16.0,33.0
SD,2021,12,23,2021-06-13,0.0,57.0,17.0,18.0,8.0,283.0,17.0,26.0
SD,2021,13,24,2021-06-20,0.0,56.0,5.0,25.0,14.0,252.0,5.0,39.0
SD,2021,14,25,2021-06-27,0.0,41.0,10.0,27.0,22.0,239.0,10.0,49.0
SD,2021,15,26,2021-07-04,0.0,32.0,7.0,41.0,20.0,226.0,7.0,61.0
SD,2021,16,27,2021-07-11,0.0,26.0,3.0,40.0,31.0,201.0,3.0,71.0
SD,2021,17,28,2021-07-18,0.0,25.0,5.0,38.0,32.0,203.0,5.0,70.0
SD,2021,18,29,2021-07-25,0.0,26.0,5.0,37.0,32.0,204.0,5.0,69.0
SD,2021,19,30,2021-08-01,0.0,20.0,7.0,39.0,34.0,200.0,7.0,73.0
SD,2021,20,31,2021-08-08,0.0,20.0,7.0,39.0,34.0,200.0,7.0,73.0
SD,2021,21,32,2021-08-15,0.0,20.0,7.0,39.0,34.0,200.0,7.0,73.0
SD,2022,9,20,2022-05-22,2.0,26.0,55.0,16.0,1.0,341.0,57.0,17.0
SD,2022,10,21,2022-05-29,3.0,29.0,50.0,17.0,1.0,337.0,53.0,18.0
SD,2022,11,22,2022-06-05,1.0,27.0,60.0,12.0,0.0,350.0,61.0,12.0
SD,2022,12,23,2022-06-12,1.0,28.0,56.0,15.0,0.0,343.0,57.0,15.0
SD,2022,13,24,2022-06-19,8.0,24.0,58.0,9.0,1.0,363.0,66.0,10.0
SD,2022,14,25,2022-06-26,5.0,22.0,63.0,9.0,1.0,362.0,68.0,10.0
SD,2022,15,26,2022-07-03,5.0,20.0,63.0,12.0,0.0,361.0,68.0,12.0
SD,2022,16,27,2022-07-10,8.0,20.0,58.0,12.0,2.0,358.0,66.0,14.0
SD,2022,17,28,2022-07-17,9.0,21.0,58.0,10.0,2.0,362.0,67.0,12.0
SD,2022,18,29,2022-07-24,9.0,22.0,56.0,12.0,1.0,360.0,65.0,13.0
SD,2022,19,30,2022-07-31,9.0,27.0,47.0,16.0,1.0,347.0,56.0,17.0
SD,2022,20,31,2022-08-07,2.0,30.0,45.0,17.0,6.0,320.0,47.0,23.0
SD,2022,21,32,2022-08-14,2.0,30.0,45.0,17.0,6.0,320.0,47.0,23.0
SD,2022,22,33,2022-08-21,2.0,30.0,45.0,17.0,6.0,320.0,47.0,23.0
SD,2022,23,34,2022-08-28,2.0,30.0,45.0,17.0,6.0,320.0,47.0,23.0
SD,2023,10,21,2023-05-28,3.0,49.0,40.0,6.0,2.0,336.0,43.0,8.0
SD,2023,11,22,2023-06-04,8.0,42.0,48.0,1.0,1.0,361.0,56.0,2.0
SD,2023,12,23,2023-06-11,3.0,47.0,44.0,4.0,2.0,342.0,47.0,6.0
SD,2023,13,24,2023-06-18,0.0,42.0,32.0,16.0,10.0,296.0,32.0,26.0
SD,2023,14,25,2023-06-25,2.0,40.0,25.0,22.0,11.0,285.0,27.0,33.0
SD,2023,15,26,2023-07-02,3.0,41.0,23.0,22.0,11.0,285.0,26.0,33.0
SD,2023,16,27,2023-07-09,1.0,42.0,28.0,17.0,12.0,289.0,29.0,29.0
SD,2023,17,28,2023-07-16,4.0,39.0,26.0,20.0,11.0,292.0,30.0,31.0
SD,2023,18,29,2023-07-23,5.0,39.0,24.0,21.0,11.0,291.0,29.0,32.0
SD,2023,19,30,2023-07-30,2.0,42.0,26.0,19.0,11.0,289.0,28.0,30.0
SD,2023,20,31,2023-08-06,3.0,36.0,29.0,20.0,12.0,291.0,32.0,32.0
SD,2023,21,32,2023-08-13,2.0,38.0,30.0,19.0,11.0,293.0,32.0,30.0
SD,2023,22,33,2023-08-20,2.0,38.0,30.0,19.0,11.0,293.0,32.0,30.0
SD,2023,23,34,2023-08-27,2.0,38.0,30.0,19.0,11.0,293.0,32.0,30.0
SD,2024,9,20,2024-05-19,5.0,17.0,73.0,3.0,2.0,376.0,78.0,5.0
SD,2024,10,21,2024-05-26,6.0,13.0,79.0,2.0,0.0,389.0,85.0,2.0
SD,2024,11,22,2024-06-02,8.0,12.0,78.0,1.0,1.0,391.0,86.0,2.0
SD,2024,12,23,2024-06-09,6.0,25.0,62.0,5.0,2.0,365.0,68.0,7.0
SD,2024,13,24,2024-06-16,6.0,26.0,62.0,5.0,1.0,367.0,68.0,6.0
SD,2024,14,25,2024-06-23,7.0,20.0,71.0,2.0,0.0,383.0,78.0,2.0
SD,2024,15,26,2024-06-30,7.0,16.0,74.0,2.0,1.0,384.0,81.0,3.0
SD,2024,16,27,2024-07-07,6.0,23.0,69.0,2.0,0.0,379.0,75.0,2.0
SD,2024,17,28,2024-07-14,7.0,29.0,59.0,4.0,1.0,367.0,66.0,5.0
SD,2024,18,29,2024-07-21,9.0,29.0,54.0,7.0,1.0,363.0,63.0,8.0
SD,2024,19,30,2024-07-28,5.0,25.0,65.0,4.0,1.0,369.0,70.0,5.0
SD,2024,20,31,2024-08-04,7.0,21.0,68.0,4.0,0.0,378.0,75.0,4.0
SD,2024,21,32,2024-08-11,3.0,18.0,77.0,2.0,0.0,381.0,80.0,2.0
SD,2024,22,33,2024-08-18,3.0,18.0,77.0,2.0,0.0,381.0,80.0,2.0
SD,2024,23,34,2024-08-25,3.0,18.0,77.0,2.0,0.0,381.0,80.0,2.0
SD,2025,8,19,2025-05-11,5.0,59.0,28.0,6.0,2.0,328.0,33.0,8.0
SD,2025,9,20,2025-05-18,5.0,55.0,34.0,5.0,1.0,337.0,39.0,6.0
SD,2025,10,21,2025-05-25,3.0,41.0,52.0,3.0,1.0,353.0,55.0,4.0
SD,2025,11,22,2025-06-01,5.0,43.0,47.0,4.0,1.0,351.0,52.0,5.0
SD,2025,12,23,2025-06-08,3.0,36.0,58.0,3.0,0.0,361.0,61.0,3.0
SD,2025,13,24,2025-06-15,6.0,24.0,64.0,5.0,1.0,369.0,70.0,6.0
SD,2025,14,25,2025-06-22,6.0,44.0,46.0,3.0,1.0,353.0,52.0,4.0
SD,2025,15,26,2025-06-29,5.0,38.0,54.0,3.0,0.0,361.0,59.0,3.0
SD,2025,16,27,2025-07-06,11.0,43.0,44.0,2.0,0.0,364.0,55.0,2.0
SD,2025,17,28,2025-07-13,9.0,32.0,55.0,4.0,0.0,369.0,64.0,4.0
SD,2025,18,29,2025-07-20,13.0,25.0,57.0,4.0,1.0,377.0,70.0,5.0
SD,2025,19,30,2025-07-27,8.0,41.0,48.0,3.0,0.0,361.0,56.0,3.0
SD,2025,20,31,2025-08-03,7.0,44.0,44.0,4.0,1.0,352.0,51.0,5.0
SD,2025,21,32,2025-08-10,9.0,37.0,48.0,5.0,1.0,359.0,57.0,6.0
SD,2025,22,33,2025-08-17,8.0,40.0,47.0,4.0,1.0,357.0,55.0,5.0
SD,2025,23,34,2025-08-24,8.0,40.0,47.0,4.0,1.0,357.0,55.0,5.0
UT,2016,4,15,2016-04-17,18.0,6.0,75.0,1.0,0.0,410.0,93.0,1.0
UT,2016,5,16,2016-04-24,18.0,8.0,73.0,1.0,0.0,408.0,91.0,1.0
UT,2016,6,17,2016-05-01,15.0,9.0,76.0,0.0,0.0,406.0,91.0,0.0
UT,2016,7,18,2016-05-08,15.0,9.0,76.0,0.0,0.0,406.0,91.0,0.0
UT,2016,8,19,2016-05-15,16.0,9.0,75.0,0.0,0.0,407.0,91.0,0.0
UT,2016,9,20,2016-05-22,16.0,9.0,75.0,0.0,0.0,407.0,91.0,0.0
UT,2016,10,21,2016-05-29,16.0,9.0,75.0,0.0,0.0,407.0,91.0,0.0
UT,2016,11,22,2016-06-05,18.0,11.0,71.0,0.0,0.0,407.0,89.0,0.0
UT,2016,12,23,2016-06-12,18.0,12.0,70.0,0.0,0.0,406.0,88.0,0.0
UT,2016,13,24,2016-06-19,18.0,12.0,70.0,0.0,0.0,406.0,88.0,0.0
UT,2016,14,25,2016-06-26,17.0,13.0,70.0,0.0,0.0,404.0,87.0,0.0
UT,2016,15,26,2016-07-03,17.0,13.0,68.0,2.0,0.0,400.0,85.0,2.0
UT,2016,16,27,2016-07-10,17.0,13.0,68.0,2.0,0.0,400.0,85.0,2.0
UT,2016,17,28,2016-07-17,17.0,13.0,68.0,2.0,0.0,400.0,85.0,2.0
UT,2016,18,29,2016-07-24,17.0,13.0,67.0,3.0,0.0,398.0,84.0,3.0
UT,2016,19,30,2016-07-31,17.0,13.0,67.0,3.0,0.0,398.0,84.0,3.0
UT,2016,20,31,2016-08-07,17.0,14.0,65.0,4.0,0.0,395.0,82.0,4.0
UT,2016,21,32,2016-08-14,17.0,14.0,65.0,4.0,0.0,395.0,82.0,4.0
UT,2017,8,19,2017-05-14,24.0,19.0,53.0,4.0,0.0,397.0,77.0,4.0
UT,2017,9,20,2017-05-21,25.0,13.0,62.0,0.0,0.0,412.0,87.0,0.0
UT,2017,10,21,2017-05-28,20.0,16.0,61.0,3.0,0.0,398.0,81.0,3.0
UT,2017,11,22,2017-06-04,18.0,21.0,58.0,3.0,0.0,391.0,76.0,3.0
UT,2017,12,23,2017-06-11,16.0,25.0,54.0,5.0,0.0,381.0,70.0,5.0
UT,2017,13,24,2017-06-18,16.0,23.0,55.0,6.0,0.0,381.0,71.0,6.0
UT,2017,14,25,2017-06-25,16.0,22.0,57.0,5.0,0.0,384.0,73.0,5.0
UT,2017,15,26,2017-07-02,22.0,13.0,64.0,1.0,0.0,407.0,86.0,1.0
UT,2017,16,27,2017-07-09,21.0,15.0,57.0,6.0,1.0,391.0,78.0,7.0
UT,2017,17,28,2017-07-16,16.0,22.0,56.0,6.0,0.0,382.0,72.0,6.0
UT,2017,18,29,2017-07-23,16.0,24.0,51.0,8.0,1.0,373.0,67.0,9.0
UT,2017,19,30,2017-07-30,17.0,20.0,51.0,10.0,2.0,371.0,68.0,12.0
UT,2017,20,31,2017-08-06,16.0,20.0,55.0,9.0,0.0,378.0,71.0,9.0
UT,2017,21,32,2017-08-13,15.0,20.0,55.0,10.0,0.0,375.0,70.0,10.0
UT,2018,7,18,2018-05-06,17.0,23.0,50.0,7.0,3.0,371.0,67.0,10.0
UT,2018,8,19,2018-05-13,17.0,23.0,51.0,6.0,3.0,373.0,68.0,9.0
UT,2018,9,20,2018-05-20,17.0,21.0,52.0,7.0,3.0,373.0,69.0,10.0
UT,2018,10,21,2018-05-27,17.0,30.0,43.0,7.0,3.0,364.0,60.0,10.0
UT,2018,11,22,2018-06-03,17.0,28.0,43.0,8.0,4.0,361.0,60.0,12.0
UT,2018,12,23,2018-06-10,20.0,23.0,50.0,7.0,0.0,383.0,70.0,7.0
UT,2018,13,24,2018-06-17,24.0,15.0,56.0,5.0,0.0,399.0,80.0,5.0
UT,2018,14,25,2018-06-24,17.0,20.0,48.0,10.0,5.0,362.0,65.0,15.0
UT,2018,15,26,2018-07-01,26.0,13.0,55.0,5.0,1.0,400.0,81.0,6.0
UT,2018,16,27,2018-07-08,18.0,21.0,46.0,8.0,7.0,360.0,64.0,15.0
UT,2018,17,28,2018-07-15,17.0,24.0,42.0,10.0,7.0,352.0,59.0,17.0
UT,2018,18,29,2018-07-22,17.0,19.0,45.0,10.0,9.0,351.0,62.0,19.0
UT,2018,19,30,2018-07-29,17.0,19.0,42.0,13.0,9.0,345.0,59.0,22.0
UT,2018,20,31,2018-08-05,17.0,17.0,42.0,15.0,9.0,343.0,59.0,24.0
UT,2018,21,32,2018-08-12,17.0,17.0,41.0,16.0,9.0,341.0,58.0,25.0
WA,2016,2,13,2016-04-03,0.0,24.0,76.0,0.0,0.0,376.0,76.0,0.0
WA,2016,3,14,2016-04-10,0.0,30.0,70.0,0.0,0.0,370.0,70.0,0.0
WA,2016,4,15,2016-04-17,1.0,23.0,76.0,0.0,0.0,378.0,77.0,0.0
WA,2016,5,16,2016-04-24,1.0,23.0,76.0,0.0,0.0,378.0,77.0,0.0
WA,2016,6,17,2016-05-01,3.0,22.0,75.0,0.0,0.0,381.0,78.0,0.0
WA,2016,7,18,2016-05-08,3.0,21.0,76.0,0.0,0.0,382.0,79.0,0.0
WA,2016,8,19,2016-05-15,5.0,20.0,75.0,0.0,0.0,385.0,80.0,0.0
WA,2016,9,20,2016-05-22,6.0,14.0,80.0,0.0,0.0,392.0,86.0,0.0
WA,2016,10,21,2016-05-29,6.0,14.0,80.0,0.0,0.0,392.0,86.0,0.0
WA,2016,11,22,2016-06-05,6.0,14.0,79.0,1.0,0.0,390.0,85.0,1.0
WA,2016,12,23,2016-06-12,6.0,14.0,79.0,1.0,0.0,390.0,85.0,1.0
WA,2016,13,24,2016-06-19,7.0,14.0,78.0,1.0,0.0,391.0,85.0,1.0
WA,2016,14,25,2016-06-26,7.0,14.0,78.0,1.0,0.0,391.0,85.0,1.0
WA,2016,15,26,2016-07-03,7.0,14.0,78.0,1.0,0.0,391.0,85.0,1.0
WA,2016,16,27,2016-07-10,7.0,14.0,78.0,1.0,0.0,391.0,85.0,1.0
WA,2016,17,28,2016-07-17,7.0,14.0,78.0,1.0,0.0,391.0,85.0,1.0
WA,2016,18,29,2016-07-24,7.0,13.0,79.0,1.0,0.0,392.0,86.0,1.0
WA,2016,19,30,2016-07-31,7.0,13.0,79.0,1.0,0.0,392.0,86.0,1.0
WA,2016,20,31,2016-08-07,8.0,14.0,77.0,1.0,0.0,392.0,85.0,1.0
WA,2016,21,32,2016-08-14,8.0,13.0,78.0,1.0,0.0,393.0,86.0,1.0
WA,2016,22,33,2016-08-21,7.0,14.0,78.0,1.0,0.0,391.0,85.0,1.0
WA,2017,8,19,2017-05-14,2.0,29.0,68.0,1.0,0.0,371.0,70.0,1.0
WA,2017,9,20,2017-05-21,5.0,40.0,55.0,0.0,0.0,365.0,60.0,0.0
WA,2017,10,21,2017-05-28,8.0,26.0,65.0,1.0,0.0,380.0,73.0,1.0
WA,2017,11,22,2017-06-04,1.0,16.0,82.0,1.0,0.0,383.0,83.0,1.0
WA,2017,12,23,2017-06-11,1.0,24.0,74.0,1.0,0.0,375.0,75.0,1.0
WA,2017,13,24,2017-06-18,6.0,30.0,61.0,3.0,0.0,370.0,67.0,3.0
WA,2017,14,25,2017-06-25,2.0,28.0,66.0,4.0,0.0,366.0,68.0,4.0
WA,2017,15,26,2017-07-02,3.0,45.0,40.0,11.0,1.0,333.0,43.0,12.0
WA,2017,16,27,2017-07-09,1.0,40.0,42.0,14.0,3.0,324.0,43.0,17.0
WA,2017,17,28,2017-07-16,1.0,38.0,43.0,14.0,4.0,323.0,44.0,18.0
WA,2017,18,29,2017-07-23,1.0,37.0,39.0,20.0,3.0,315.0,40.0,23.0
WA,2017,19,30,2017-07-30,2.0,37.0,41.0,16.0,4.0,321.0,43.0,20.0
WA,2017,20,31,2017-08-06,3.0,38.0,40.0,17.0,2.0,325.0,43.0,19.0
WA,2017,21,32,2017-08-13,2.0,41.0,34.0,19.0,4.0,311.0,36.0,23.0
WA,2017,22,33,2017-08-20,2.0,38.0,39.0,19.0,2.0,320.0,41.0,21.0
WA,2018,7,18,2018-05-06,1.0,27.0,71.0,1.0,0.0,372.0,72.0,1.0
WA,2018,8,19,2018-05-13,0.0,25.0,74.0,1.0,0.0,373.0,74.0,1.0
WA,2018,9,20,2018-05-20,1.0,13.0,85.0,1.0,0.0,386.0,86.0,1.0
WA,2018,10,21,2018-05-27,3.0,23.0,72.0,1.0,1.0,375.0,75.0,2.0
WA,2018,11,22,2018-06-03,13.0,24.0,63.0,0.0,0.0,389.0,76.0,0.0
WA,2018,12,23,2018-06-10,13.0,21.0,63.0,2.0,1.0,385.0,76.0,3.0
WA,2018,13,24,2018-06-17,15.0,16.0,67.0,2.0,0.0,395.0,82.0,2.0
WA,2018,14,25,2018-06-24,18.0,18.0,63.0,1.0,0.0,398.0,81.0,1.0
WA,2018,15,26,2018-07-01,12.0,19.0,68.0,1.0,0.0,391.0,80.0,1.0
WA,2018,16,27,2018-07-08,12.0,22.0,63.0,3.0,0.0,384.0,75.0,3.0
WA,2018,17,28,2018-07-15,9.0,20.0,69.0,2.0,0.0,385.0,78.0,2.0
WA,2018,18,29,2018-07-22,13.0,18.0,66.0,3.0,0.0,389.0,79.0,3.0
WA,2018,19,30,2018-07-29,13.0,15.0,70.0,2.0,0.0,394.0,83.0,2.0
WA,2018,20,31,2018-08-05,15.0,21.0,60.0,4.0,0.0,386.0,75.0,4.0
WA,2018,21,32,2018-08-12,12.0,18.0,66.0,4.0,0.0,386.0,78.0,4.0
WA,2018,22,33,2018-08-19,14.0,18.0,64.0,4.0,0.0,388.0,78.0,4.0
WA,2018,23,34,2018-08-26,13.0,27.0,56.0,4.0,0.0,378.0,69.0,4.0
WA,2019,8,19,2019-05-12,4.0,16.0,79.0,1.0,0.0,386.0,83.0,1.0
WA,2019,9,20,2019-05-19,11.0,24.0,65.0,0.0,0.0,387.0,76.0,0.0
WA,2019,10,21,2019-05-26,10.0,39.0,51.0,0.0,0.0,371.0,61.0,0.0
WA,2019,11,22,2019-06-02,9.0,41.0,50.0,0.0,0.0,368.0,59.0,0.0
WA,2019,12,23,2019-06-09,9.0,32.0,58.0,1.0,0.0,375.0,67.0,1.0
WA,2019,13,24,2019-06-16,7.0,37.0,53.0,2.0,1.0,363.0,60.0,3.0
WA,2019,14,25,2019-06-23,10.0,31.0,56.0,2.0,1.0,372.0,66.0,3.0
WA,2019,15,26,2019-06-30,10.0,29.0,55.0,4.0,2.0,367.0,65.0,6.0
WA,2019,16,27,2019-07-07,11.0,39.0,46.0,3.0,1.0,363.0,57.0,4.0
WA,2019,17,28,2019-07-14,9.0,33.0,55.0,2.0,1.0,369.0,64.0,3.0
WA,2019,18,29,2019-07-21,10.0,41.0,45.0,3.0,1.0,360.0,55.0,4.0
WA,2019,19,30,2019-07-28,9.0,28.0,57.0,4.0,2.0,367.0,66.0,6.0
WA,2019,20,31,2019-08-04,7.0,37.0,53.0,2.0,1.0,363.0,60.0,3.0
WA,2019,21,32,2019-08-11,8.0,28.0,58.0,4.0,2.0,366.0,66.0,6.0
WA,2019,22,33,2019-08-18,8.0,33.0,56.0,2.0,1.0,368.0,64.0,3.0
WA,2019,23,34,2019-08-25,7.0,35.0,54.0,3.0,1.0,363.0,61.0,4.0
WA,2019,24,35,2019-09-01,7.0,38.0,50.0,4.0,1.0,358.0,57.0,5.0
WA,2020,6,17,2020-04-26,12.0,20.0,66.0,2.0,0.0,388.0,78.0,2.0
WA,2020,7,18,2020-05-03,10.0,23.0,67.0,0.0,0.0,387.0,77.0,0.0
WA,2020,8,19,2020-05-10,17.0,22.0,56.0,5.0,0.0,385.0,73.0,5.0
WA,2020,9,20,2020-05-17,9.0,19.0,65.0,7.0,0.0,376.0,74.0,7.0
WA,2020,10,21,2020-05-24,5.0,15.0,74.0,6.0,0.0,378.0,79.0,6.0
WA,2020,11,22,2020-05-31,14.0,14.0,67.0,5.0,0.0,390.0,81.0,5.0
WA,2020,12,23,2020-06-07,19.0,10.0,65.0,6.0,0.0,397.0,84.0,6.0
WA,2020,13,24,2020-06-14,21.0,9.0,65.0,5.0,0.0,402.0,86.0,5.0
WA,2020,14,25,2020-06-21,21.0,11.0,63.0,5.0,0.0,400.0,84.0,5.0
WA,2020,15,26,2020-06-28,21.0,9.0,64.0,6.0,0.0,400.0,85.0,6.0
WA,2020,16,27,2020-07-05,30.0,8.0,56.0,6.0,0.0,410.0,86.0,6.0
WA,2020,17,28,2020-07-12,28.0,10.0,57.0,5.0,0.0,408.0,85.0,5.0
WA,2020,18,29,2020-07-19,35.0,9.0,50.0,6.0,0.0,414.0,85.0,6.0
WA,2020,19,30,2020-07-26,27.0,11.0,54.0,7.0,1.0,399.0,81.0,8.0
WA,2020,20,31,2020-08-02,19.0,12.0,63.0,6.0,0.0,395.0,82.0,6.0
WA,2020,21,32,2020-08-09,26.0,11.0,57.0,6.0,0.0,403.0,83.0,6.0
WA,2020,22,33,2020-08-16,28.0,9.0,56.0,7.0,0.0,405.0,84.0,7.0
WA,2020,23,34,2020-08-23,25.0,10.0,59.0,6.0,0.0,403.0,84.0,6.0
WA,2021,6,17,2021-05-02,1.0,29.0,50.0,18.0,2.0,330.0,51.0,20.0
WA,2021,7,18,2021-05-09,0.0,26.0,51.0,20.0,3.0,325.0,51.0,23.0
WA,2021,8,19,2021-05-16,3.0,47.0,17.0,28.0,5.0,285.0,20.0,33.0
WA,2021,9,20,2021-05-23,1.0,38.0,22.0,32.0,7.0,278.0,23.0,39.0
WA,2021,10,21,2021-05-30,0.0,33.0,16.0,38.0,13.0,252.0,16.0,51.0
WA,2021,11,22,2021-06-06,0.0,27.0,17.0,35.0,21.0,240.0,17.0,56.0
WA,2021,12,23,2021-06-13,0.0,26.0,12.0,46.0,16.0,234.0,12.0,62.0
WA,2021,13,24,2021-06-20,0.0,24.0,10.0,43.0,23.0,221.0,10.0,66.0
WA,2021,14,25,2021-06-27,0.0,23.0,7.0,47.0,23.0,214.0,7.0,70.0
WA,2021,15,26,2021-07-04,0.0,24.0,8.0,37.0,31.0,209.0,8.0,68.0
WA,2021,16,27,2021-07-11,0.0,16.0,1.0,47.0,36.0,182.0,1.0,83.0
WA,2021,17,28,2021-07-18,0.0,12.0,0.0,43.0,45.0,167.0,0.0,88.0
WA,2021,18,29,2021-07-25,0.0,12.0,0.0,38.0,50.0,162.0,0.0,88.0
WA,2021,19,30,2021-08-01,0.0,10.0,0.0,33.0,57.0,153.0,0.0,90.0
WA,2021,20,31,2021-08-08,0.0,7.0,0.0,47.0,46.0,161.0,0.0,93.0
WA,2021,21,32,2021-08-15,0.0,7.0,0.0,47.0,46.0,161.0,0.0,93.0
WA,2022,7,18,2022-05-08,2.0,42.0,52.0,2.0,2.0,350.0,54.0,4.0
WA,2022,8,19,2022-05-15,1.0,29.0,67.0,3.0,0.0,366.0,68.0,3.0
WA,2022,9,20,2022-05-22,3.0,11.0,83.0,3.0,0.0,386.0,86.0,3.0
WA,2022,10,21,2022-05-29,4.0,8.0,85.0,3.0,0.0,390.0,89.0,3.0
WA,2022,11,22,2022-06-05,8.0,10.0,80.0,2.0,0.0,394.0,88.0,2.0
WA,2022,12,23,2022-06-12,6.0,16.0,75.0,3.0,0.0,384.0,81.0,3.0
WA,2022,13,24,2022-06-19,8.0,8.0,81.0,3.0,0.0,394.0,89.0,3.0
WA,2022,14,25,2022-06-26,11.0,4.0,82.0,3.0,0.0,401.0,93.0,3.0
WA,2022,15,26,2022-07-03,11.0,5.0,83.0,1.0,0.0,404.0,94.0,1.0
WA,2022,16,27,2022-07-10,16.0,4.0,80.0,0.0,0.0,412.0,96.0,0.0
WA,2022,17,28,2022-07-17,19.0,3.0,78.0,0.0,0.0,416.0,97.0,0.0
WA,2022,18,29,2022-07-24,10.0,4.0,86.0,0.0,0.0,406.0,96.0,0.0
WA,2022,19,30,2022-07-31,14.0,3.0,83.0,0.0,0.0,411.0,97.0,0.0
WA,2022,20,31,2022-08-07,12.0,3.0,85.0,0.0,0.0,409.0,97.0,0.0
WA,2022,21,32,2022-08-14,13.0,3.0,84.0,0.0,0.0,410.0,97.0,0.0
WA,2022,22,33,2022-08-21,13.0,3.0,84.0,0.0,0.0,410.0,97.0,0.0
WA,2022,23,34,2022-08-28,9.0,6.0,85.0,0.0,0.0,403.0,94.0,0.0
WA,2023,8,19,2023-05-14,2.0,23.0,68.0,7.0,0.0,365.0,70.0,7.0
WA,2023,9,20,2023-05-21,3.0,29.0,60.0,8.0,0.0,358.0,63.0,8.0
WA,2023,10,21,2023-05-28,6.0,31.0,54.0,9.0,0.0,357.0,60.0,9.0
WA,2023,11,22,2023-06-04,6.0,35.0,49.0,10.0,0.0,351.0,55.0,10.0
WA,2023,12,23,2023-06-11,7.0,40.0,31.0,19.0,3.0,320.0,38.0,22.0
WA,2023,13,24,2023-06-18,7.0,39.0,35.0,18.0,1.0,329.0,42.0,19.0
WA,2023,14,25,2023-06-25,7.0,38.0,40.0,14.0,1.0,338.0,47.0,15.0
WA,2023,15,26,2023-07-02,5.0,33.0,43.0,18.0,1.0,333.0,48.0,19.0
WA,2023,16,27,2023-07-09,4.0,31.0,44.0,20.0,1.0,330.0,48.0,21.0
WA,2023,17,28,2023-07-16,2.0,32.0,44.0,21.0,1.0,325.0,46.0,22.0
WA,2023,18,29,2023-07-23,2.0,33.0,38.0,25.0,2.0,313.0,40.0,27.0
WA,2023,19,30,2023-07-30,2.0,34.0,34.0,28.0,2.0,306.0,36.0,30.0
WA,2023,20,31,2023-08-06,2.0,29.0,25.0,37.0,7.0,278.0,27.0,44.0
WA,2023,21,32,2023-08-13,2.0,36.0,25.0,32.0,5.0,287.0,27.0,37.0
WA,2023,22,33,2023-08-20,2.0,38.0,23.0,33.0,4.0,286.0,25.0,37.0
WA,2023,23,34,2023-08-27,2.0,38.0,23.0,33.0,4.0,286.0,25.0,37.0
WA,2024,8,19,2024-05-12,9.0,38.0,46.0,5.0,2.0,355.0,55.0,7.0
WA,2024,9,20,2024-05-19,11.0,39.0,45.0,4.0,1.0,361.0,56.0,5.0
WA,2024,10,21,2024-05-26,13.0,33.0,45.0,8.0,1.0,361.0,58.0,9.0
WA,2024,11,22,2024-06-02,13.0,35.0,43.0,8.0,1.0,359.0,56.0,9.0
WA,2024,12,23,2024-06-09,13.0,33.0,44.0,9.0,1.0,359.0,57.0,10.0
WA,2024,13,24,2024-06-16,13.0,33.0,39.0,13.0,2.0,348.0,52.0,15.0
WA,2024,14,25,2024-06-23,12.0,38.0,38.0,10.0,2.0,348.0,50.0,12.0
WA,2024,15,26,2024-06-30,12.0,35.0,43.0,8.0,2.0,355.0,55.0,10.0
WA,2024,16,27,2024-07-07,9.0,34.0,47.0,8.0,2.0,353.0,56.0,10.0
WA,2024,17,28,2024-07-14,5.0,40.0,43.0,9.0,3.0,338.0,48.0,12.0
WA,2024,18,29,2024-07-21,3.0,39.0,38.0,13.0,7.0,317.0,41.0,20.0
WA,2024,19,30,2024-07-28,2.0,58.0,30.0,8.0,2.0,322.0,32.0,10.0
WA,2024,20,31,2024-08-04,1.0,65.0,16.0,10.0,8.0,292.0,17.0,18.0
WA,2024,21,32,2024-08-11,1.0,61.0,16.0,14.0,8.0,288.0,17.0,22.0
WA,2024,22,33,2024-08-18,3.0,55.0,24.0,13.0,5.0,307.0,27.0,18.0
WA,2024,23,34,2024-08-25,3.0,55.0,24.0,13.0,5.0,307.0,27.0,18.0
WA,2024,24,35,2024-09-01,3.0,55.0,24.0,13.0,5.0,307.0,27.0,18.0
WA,2025,8,19,2025-05-11,3.0,43.0,48.0,5.0,1.0,347.0,51.0,6.0
WA,2025,9,20,2025-05-18,4.0,35.0,55.0,4.0,2.0,355.0,59.0,6.0
WA,2025,10,21,2025-05-25,4.0,34.0,56.0,4.0,2.0,356.0,60.0,6.0
WA,2025,11,22,2025-06-01,5.0,37.0,54.0,3.0,1.0,359.0,59.0,4.0
WA,2025,12,23,2025-06-08,5.0,35.0,53.0,5.0,2.0,354.0,58.0,7.0
WA,2025,13,24,2025-06-15,6.0,31.0,53.0,8.0,2.0,353.0,59.0,10.0
WA,2025,14,25,2025-06-22,6.0,32.0,50.0,9.0,3.0,347.0,56.0,12.0
WA,2025,15,26,2025-06-29,7.0,30.0,49.0,11.0,3.0,346.0,56.0,14.0
WA,2025,16,27,2025-07-06,5.0,38.0,40.0,14.0,3.0,330.0,45.0,17.0
WA,2025,17,28,2025-07-13,4.0,41.0,34.0,16.0,5.0,316.0,38.0,21.0
WA,2025,18,29,2025-07-20,2.0,41.0,19.0,32.0,6.0,279.0,21.0,38.0
WA,2025,19,30,2025-07-27,4.0,36.0,12.0,42.0,6.0,266.0,16.0,48.0
WA,2025,20,31,2025-08-03,3.0,36.0,13.0,41.0,7.0,264.0,16.0,48.0
WA,2025,21,32,2025-08-10,3.0,35.0,11.0,45.0,6.0,260.0,14.0,51.0
WA,2025,22,33,2025-08-17,3.0,32.0,12.0,48.0,5.0,260.0,15.0,53.0
WA,2025,23,34,2025-08-24,3.0,32.0,12.0,48.0,5.0,260.0,15.0,53.0
WY,2016,8,19,2016-05-15,0.0,19.0,81.0,0.0,0.0,381.0,81.0,0.0
WY,2016,9,20,2016-05-22,2.0,19.0,79.0,0.0,0.0,383.0,81.0,0.0
WY,2016,10,21,2016-05-29,2.0,19.0,79.0,0.0,0.0,383.0,81.0,0.0
WY,2016,11,22,2016-06-05,2.0,14.0,78.0,6.0,0.0,376.0,80.0,6.0
WY,2016,12,23,2016-06-12,2.0,16.0,76.0,3.0,3.0,371.0,78.0,6.0
WY,2016,13,24,2016-06-19,1.0,15.0,76.0,2.0,6.0,364.0,77.0,8.0
WY,2016,14,25,2016-06-26,1.0,15.0,74.0,3.0,7.0,359.0,75.0,10.0
WY,2016,15,26,2016-07-03,1.0,16.0,73.0,3.0,7.0,358.0,74.0,10.0
WY,2016,16,27,2016-07-10,1.0,16.0,73.0,3.0,7.0,358.0,74.0,10.0
WY,2016,17,28,2016-07-17,1.0,13.0,72.0,5.0,9.0,351.0,73.0,14.0
WY,2016,18,29,2016-07-24,1.0,13.0,72.0,5.0,9.0,351.0,73.0,14.0
WY,2016,19,30,2016-07-31,1.0,15.0,67.0,5.0,12.0,340.0,68.0,17.0
WY,2016,20,31,2016-08-07,1.0,16.0,68.0,5.0,10.0,345.0,69.0,15.0
WY,2016,21,32,2016-08-14,1.0,16.0,68.0,5.0,10.0,345.0,69.0,15.0
WY,2017,8,19,2017-05-14,10.0,24.0,55.0,8.0,3.0,361.0,65.0,11.0
WY,2017,9,20,2017-05-21,8.0,22.0,63.0,6.0,1.0,371.0,71.0,7.0
WY,2017,10,21,2017-05-28,6.0,19.0,71.0,3.0,1.0,378.0,77.0,4.0
WY,2017,11,22,2017-06-04,5.0,14.0,78.0,2.0,1.0,384.0,83.0,3.0
WY,2017,12,23,2017-06-11,5.0,21.0,71.0,2.0,1.0,377.0,76.0,3.0
WY,2017,13,24,2017-06-18,5.0,16.0,76.0,2.0,1.0,382.0,81.0,3.0
WY,2017,14,25,2017-06-25,0.0,10.0,84.0,6.0,0.0,378.0,84.0,6.0
WY,2017,15,26,2017-07-02,0.0,10.0,81.0,9.0,0.0,372.0,81.0,9.0
WY,2017,16,27,2017-07-09,0.0,14.0,76.0,6.0,4.0,362.0,76.0,10.0
WY,2017,17,28,2017-07-16,0.0,10.0,77.0,3.0,10.0,354.0,77.0,13.0
WY,2017,18,29,2017-07-23,0.0,2.0,73.0,7.0,18.0,330.0,73.0,25.0
WY,2017,19,30,2017-07-30,0.0,3.0,75.0,6.0,16.0,337.0,75.0,22.0
WY,2017,20,31,2017-08-06,0.0,10.0,75.0,7.0,8.0,352.0,75.0,15.0
WY,2017,21,32,2017-08-13,0.0,8.0,79.0,7.0,6.0,360.0,79.0,13.0
WY,2017,22,33,2017-08-20,0.0,10.0,75.0,7.0,8.0,352.0,75.0,15.0
WY,2018,9,20,2018-05-20,0.0,32.0,68.0,0.0,0.0,368.0,68.0,0.0
WY,2018,10,21,2018-05-27,0.0,23.0,77.0,0.0,0.0,377.0,77.0,0.0
WY,2018,11,22,2018-06-03,0.0,15.0,85.0,0.0,0.0,385.0,85.0,0.0
WY,2018,12,23,2018-06-10,0.0,10.0,90.0,0.0,0.0,390.0,90.0,0.0
WY,2018,13,24,2018-06-17,0.0,8.0,92.0,0.0,0.0,392.0,92.0,0.0
WY,2018,14,25,2018-06-24,0.0,4.0,96.0,0.0,0.0,396.0,96.0,0.0
WY,2018,15,26,2018-07-01,0.0,1.0,99.0,0.0,0.0,399.0,99.0,0.0
WY,2018,16,27,2018-07-08,0.0,0.0,100.0,0.0,0.0,400.0,100.0,0.0
WY,2018,17,28,2018-07-15,1.0,3.0,96.0,0.0,0.0,398.0,97.0,0.0
WY,2018,18,29,2018-07-22,1.0,3.0,96.0,0.0,0.0,398.0,97.0,0.0
WY,2018,19,30,2018-07-29,1.0,1.0,98.0,0.0,0.0,400.0,99.0,0.0
WY,2018,20,31,2018-08-05,1.0,1.0,98.0,0.0,0.0,400.0,99.0,0.0
WY,2018,21,32,2018-08-12,1.0,1.0,98.0,0.0,0.0,400.0,99.0,0.0
WY,2018,22,33,2018-08-19,1.0,1.0,98.0,0.0,0.0,400.0,99.0,0.0
WY,2018,23,34,2018-08-26,1.0,1.0,98.0,0.0,0.0,400.0,99.0,0.0
US,2016,9,20,2016-05-22,8.0,22.0,68.0,2.0,0.0,382.0,76.0,2.0
US,2016,10,21,2016-05-29,9.0,19.0,70.0,2.0,0.0,386.0,79.0,2.0
US,2016,11,22,2016-06-05,11.0,19.0,68.0,2.0,0.0,388.0,79.0,2.0
US,2016,12,23,2016-06-12,12.0,19.0,67.0,2.0,0.0,389.0,79.0,2.0
US,2016,13,24,2016-06-19,12.0,20.0,64.0,3.0,1.0,383.0,76.0,4.0
US,2016,14,25,2016-06-26,10.0,23.0,62.0,4.0,1.0,376.0,72.0,5.0
US,2016,15,26,2016-07-03,10.0,22.0,62.0,5.0,1.0,375.0,72.0,6.0
US,2016,16,27,2016-07-10,10.0,23.0,60.0,5.0,2.0,371.0,70.0,7.0
US,2016,17,28,2016-07-17,11.0,24.0,58.0,5.0,2.0,371.0,69.0,7.0
US,2016,18,29,2016-07-24,10.0,24.0,58.0,6.0,2.0,368.0,68.0,8.0
US,2016,19,30,2016-07-31,10.0,24.0,58.0,6.0,2.0,368.0,68.0,8.0
US,2016,20,31,2016-08-07,10.0,24.0,58.0,6.0,2.0,368.0,68.0,8.0
US,2016,21,32,2016-08-14,10.0,25.0,56.0,6.0,3.0,364.0,66.0,9.0
US,2017,10,21,2017-05-28,9.0,32.0,53.0,5.0,1.0,364.0,62.0,6.0
US,2017,11,22,2017-06-04,7.0,34.0,48.0,8.0,3.0,348.0,55.0,11.0
US,2017,12,23,2017-06-11,7.0,35.0,38.0,13.0,7.0,325.0,45.0,20.0
US,2017,13,24,2017-06-18,6.0,32.0,35.0,18.0,9.0,311.0,41.0,27.0
US,2017,14,25,2017-06-25,7.0,32.0,33.0,18.0,10.0,309.0,40.0,28.0
US,2017,15,26,2017-07-02,7.0,30.0,30.0,20.0,13.0,298.0,37.0,33.0
US,2017,16,27,2017-07-09,6.0,26.0,29.0,20.0,19.0,283.0,35.0,39.0
US,2017,17,28,2017-07-16,6.0,25.0,28.0,20.0,21.0,278.0,34.0,41.0
US,2017,18,29,2017-07-23,5.0,27.0,28.0,19.0,21.0,277.0,33.0,40.0
US,2017,19,30,2017-07-30,5.0,26.0,26.0,21.0,22.0,271.0,31.0,43.0
US,2017,20,31,2017-08-06,7.0,25.0,25.0,21.0,22.0,274.0,32.0,43.0
US,2017,21,32,2017-08-13,6.0,25.0,27.0,18.0,24.0,273.0,33.0,42.0
US,2017,22,33,2017-08-20,7.0,24.0,27.0,19.0,23.0,276.0,34.0,42.0
US,2018,11,22,2018-06-03,9.0,26.0,61.0,3.0,1.0,374.0,70.0,4.0
US,2018,12,23,2018-06-10,9.0,27.0,61.0,2.0,1.0,375.0,70.0,3.0
US,2018,13,24,2018-06-17,14.0,19.0,64.0,2.0,1.0,388.0,78.0,3.0
US,2018,14,25,2018-06-24,14.0,18.0,63.0,3.0,2.0,384.0,77.0,5.0
US,2018,15,26,2018-07-01,13.0,18.0,64.0,4.0,1.0,384.0,77.0,5.0
US,2018,16,27,2018-07-08,14.0,16.0,66.0,3.0,1.0,389.0,80.0,4.0
US,2018,17,28,2018-07-15,13.0,16.0,67.0,3.0,1.0,388.0,80.0,4.0
US,2018,18,29,2018-07-22,14.0,17.0,65.0,3.0,1.0,388.0,79.0,4.0
US,2018,19,30,2018-07-29,14.0,18.0,64.0,3.0,1.0,387.0,78.0,4.0
US,2018,20,31,2018-08-05,14.0,20.0,60.0,5.0,1.0,381.0,74.0,6.0
US,2018,21,32,2018-08-12,13.0,20.0,62.0,4.0,1.0,382.0,75.0,5.0
US,2018,22,33,2018-08-19,11.0,21.0,63.0,4.0,1.0,379.0,74.0,5.0
US,2019,11,22,2019-06-02,8.0,16.0,75.0,1.0,0.0,390.0,83.0,1.0
US,2019,12,23,2019-06-09,8.0,18.0,73.0,1.0,0.0,388.0,81.0,1.0
US,2019,13,24,2019-06-16,8.0,21.0,69.0,1.0,1.0,382.0,77.0,2.0
US,2019,14,25,2019-06-23,8.0,22.0,67.0,3.0,0.0,380.0,75.0,3.0
US,2019,15,26,2019-06-30,8.0,21.0,67.0,3.0,1.0,378.0,75.0,4.0
US,2019,16,27,2019-07-07,8.0,19.0,70.0,3.0,0.0,383.0,78.0,3.0
US,2019,17,28,2019-07-14,10.0,20.0,66.0,4.0,0.0,382.0,76.0,4.0
US,2019,18,29,2019-07-21,13.0,20.0,63.0,4.0,0.0,385.0,76.0,4.0
US,2019,19,30,2019-07-28,11.0,21.0,62.0,5.0,1.0,377.0,73.0,6.0
US,2019,20,31,2019-08-04,10.0,22.0,63.0,5.0,0.0,378.0,73.0,5.0
US,2019,21,32,2019-08-11,12.0,23.0,57.0,7.0,1.0,372.0,69.0,8.0
US,2019,22,33,2019-08-18,12.0,23.0,58.0,6.0,1.0,374.0,70.0,7.0
US,2019,23,34,2019-08-25,9.0,25.0,60.0,5.0,1.0,371.0,69.0,6.0
US,2019,24,35,2019-09-01,9.0,25.0,58.0,6.0,2.0,366.0,67.0,8.0
US,2020,11,22,2020-05-31,8.0,18.0,72.0,1.0,1.0,385.0,80.0,2.0
US,2020,12,23,2020-06-07,10.0,17.0,72.0,1.0,0.0,391.0,82.0,1.0
US,2020,13,24,2020-06-14,8.0,17.0,73.0,2.0,0.0,387.0,81.0,2.0
US,2020,14,25,2020-06-21,7.0,21.0,68.0,3.0,1.0,377.0,75.0,4.0
US,2020,15,26,2020-06-28,9.0,25.0,60.0,5.0,1.0,371.0,69.0,6.0
US,2020,16,27,2020-07-05,11.0,24.0,59.0,5.0,1.0,374.0,70.0,6.0
US,2020,17,28,2020-07-12,11.0,24.0,57.0,6.0,2.0,369.0,68.0,8.0
US,2020,18,29,2020-07-19,13.0,25.0,55.0,5.0,2.0,372.0,68.0,7.0
US,2020,19,30,2020-07-26,10.0,24.0,60.0,4.0,2.0,372.0,70.0,6.0
US,2020,20,31,2020-08-02,11.0,22.0,62.0,4.0,1.0,378.0,73.0,5.0
US,2020,21,32,2020-08-09,12.0,24.0,57.0,5.0,2.0,372.0,69.0,7.0
US,2020,22,33,2020-08-16,12.0,24.0,58.0,4.0,2.0,374.0,70.0,6.0
US,2020,23,34,2020-08-23,13.0,23.0,58.0,4.0,2.0,376.0,71.0,6.0
US,2021,9,20,2021-05-23,4.0,41.0,41.0,12.0,2.0,333.0,45.0,14.0
US,2021,10,21,2021-05-30,4.0,37.0,39.0,16.0,4.0,323.0,43.0,20.0
US,2021,11,22,2021-06-06,3.0,37.0,35.0,16.0,9.0,307.0,38.0,25.0
US,2021,12,23,2021-06-13,3.0,36.0,34.0,18.0,9.0,304.0,37.0,27.0
US,2021,13,24,2021-06-20,2.0,36.0,25.0,22.0,15.0,277.0,27.0,37.0
US,2021,14,25,2021-06-27,2.0,41.0,18.0,25.0,14.0,269.0,20.0,39.0
US,2021,15,26,2021-07-04,2.0,34.0,14.0,32.0,18.0,250.0,16.0,50.0
US,2021,16,27,2021-07-11,1.0,29.0,15.0,34.0,21.0,241.0,16.0,55.0
US,2021,17,28,2021-07-18,1.0,26.0,10.0,34.0,29.0,220.0,11.0,63.0
US,2021,18,29,2021-07-25,1.0,25.0,8.0,34.0,32.0,212.0,9.0,66.0
US,2021,19,30,2021-08-01,1.0,26.0,9.0,34.0,30.0,217.0,10.0,64.0
US,2021,20,31,2021-08-08,1.0,28.0,10.0,32.0,29.0,222.0,11.0,61.0
US,2021,21,32,2021-08-15,1.0,26.0,10.0,35.0,28.0,221.0,11.0,63.0
US,2022,12,23,2022-06-12,5.0,37.0,49.0,7.0,2.0,348.0,54.0,9.0
US,2022,13,24,2022-06-19,7.0,35.0,52.0,5.0,1.0,359.0,59.0,6.0
US,2022,14,25,2022-06-26,6.0,33.0,53.0,5.0,3.0,354.0,59.0,8.0
US,2022,15,26,2022-07-03,7.0,26.0,59.0,6.0,2.0,363.0,66.0,8.0
US,2022,16,27,2022-07-10,7.0,25.0,63.0,4.0,1.0,371.0,70.0,5.0
US,2022,17,28,2022-07-17,10.0,23.0,61.0,5.0,1.0,374.0,71.0,6.0
US,2022,18,29,2022-07-24,9.0,24.0,59.0,7.0,1.0,368.0,68.0,8.0
US,2022,19,30,2022-07-31,10.0,23.0,60.0,6.0,1.0,372.0,70.0,7.0
US,2022,20,31,2022-08-07,9.0,28.0,55.0,7.0,1.0,364.0,64.0,8.0
US,2022,21,32,2022-08-14,6.0,30.0,58.0,6.0,0.0,364.0,64.0,6.0
US,2022,22,33,2022-08-21,8.0,28.0,56.0,7.0,1.0,363.0,64.0,8.0
US,2022,23,34,2022-08-28,10.0,26.0,58.0,5.0,1.0,371.0,68.0,6.0
US,2023,11,22,2023-06-04,6.0,34.0,58.0,2.0,0.0,368.0,64.0,2.0
US,2023,12,23,2023-06-11,4.0,33.0,56.0,6.0,1.0,356.0,60.0,7.0
US,2023,13,24,2023-06-18,3.0,37.0,48.0,10.0,2.0,340.0,51.0,12.0
US,2023,14,25,2023-06-25,2.0,38.0,48.0,9.0,3.0,337.0,50.0,12.0
US,2023,15,26,2023-07-02,2.0,40.0,46.0,9.0,3.0,335.0,48.0,12.0
US,2023,16,27,2023-07-09,2.0,37.0,45.0,12.0,4.0,329.0,47.0,16.0
US,2023,17,28,2023-07-16,3.0,35.0,48.0,11.0,3.0,337.0,51.0,14.0
US,2023,18,29,2023-07-23,4.0,35.0,45.0,12.0,4.0,333.0,49.0,16.0
US,2023,19,30,2023-07-30,2.0,42.0,40.0,13.0,3.0,325.0,42.0,16.0
US,2023,20,31,2023-08-06,2.0,39.0,39.0,16.0,4.0,319.0,41.0,20.0
US,2023,21,32,2023-08-13,3.0,38.0,39.0,16.0,4.0,321.0,42.0,20.0
US,2023,22,33,2023-08-20,3.0,39.0,35.0,19.0,4.0,314.0,38.0,23.0
US,2023,23,34,2023-08-27,3.0,39.0,34.0,20.0,4.0,312.0,37.0,24.0
US,2024,11,22,2024-06-02,5.0,24.0,69.0,2.0,0.0,377.0,74.0,2.0
US,2024,12,23,2024-06-09,5.0,25.0,67.0,3.0,0.0,374.0,72.0,3.0
US,2024,13,24,2024-06-16,8.0,20.0,68.0,3.0,1.0,379.0,76.0,4.0
US,2024,14,25,2024-06-23,7.0,25.0,64.0,3.0,1.0,373.0,71.0,4.0
US,2024,15,26,2024-06-30,11.0,24.0,61.0,3.0,1.0,378.0,72.0,4.0
US,2024,16,27,2024-07-07,10.0,21.0,65.0,3.0,1.0,380.0,75.0,4.0
US,2024,17,28,2024-07-14,10.0,20.0,67.0,3.0,0.0,384.0,77.0,3.0
US,2024,18,29,2024-07-21,12.0,18.0,65.0,4.0,1.0,383.0,77.0,5.0
US,2024,19,30,2024-07-28,11.0,22.0,63.0,4.0,0.0,381.0,74.0,4.0
US,2024,20,31,2024-08-04,11.0,22.0,63.0,3.0,1.0,380.0,74.0,4.0
US,2024,21,32,2024-08-11,13.0,23.0,59.0,4.0,1.0,379.0,72.0,5.0
US,2024,22,33,2024-08-18,12.0,22.0,61.0,4.0,1.0,379.0,73.0,5.0
US,2024,23,34,2024-08-25,13.0,21.0,56.0,7.0,3.0,369.0,69.0,10.0
US,2025,10,21,2025-05-25,2.0,37.0,43.0,15.0,3.0,326.0,45.0,18.0
US,2025,11,22,2025-06-01,3.0,37.0,47.0,13.0,0.0,340.0,50.0,13.0
US,2025,12,23,2025-06-08,3.0,38.0,50.0,9.0,0.0,347.0,53.0,9.0
US,2025,13,24,2025-06-15,4.0,34.0,53.0,9.0,0.0,352.0,57.0,9.0
US,2025,14,25,2025-06-22,5.0,31.0,49.0,12.0,3.0,341.0,54.0,15.0
US,2025,15,26,2025-06-29,5.0,33.0,48.0,13.0,1.0,343.0,53.0,14.0
US,2025,16,27,2025-07-06,5.0,35.0,45.0,12.0,3.0,337.0,50.0,15.0
US,2025,17,28,2025-07-13,5.0,33.0,49.0,12.0,1.0,345.0,54.0,13.0
US,2025,18,29,2025-07-20,5.0,32.0,47.0,13.0,3.0,338.0,52.0,16.0
US,2025,19,30,2025-07-27,5.0,33.0,44.0,14.0,4.0,332.0,49.0,18.0
US,2025,20,31,2025-08-03,5.0,35.0,43.0,13.0,4.0,332.0,48.0,17.0
US,2025,21,32,2025-08-10,5.0,33.0,44.0,13.0,5.0,331.0,49.0,18.0
US,2025,22,33,2025-08-17,5.0,32.0,45.0,14.0,4.0,333.0,50.0,18.0
US,2025,23,34,2025-08-24,6.0,33.0,43.0,14.0,4.0,333.0,49.0,18.0
