state_alpha,season,week,cal_week,week_ending,PROGRESS
CO,2016,1,12,2016-03-27,0.25
CO,2016,2,13,2016-04-03,0.875
CO,2016,3,14,2016-04-10,1.125
CO,2016,4,15,2016-04-17,2.625
CO,2016,5,16,2016-04-24,4.5
CO,2016,6,17,2016-05-01,8.375
CO,2016,7,18,2016-05-08,11.625
CO,2016,8,19,2016-05-15,13.375
CO,2016,9,20,2016-05-22,15.5
CO,2016,10,21,2016-05-29,18.875
CO,2016,11,22,2016-06-05,21.5
CO,2016,12,23,2016-06-12,25.25
CO,2016,13,24,2016-06-19,27.125
CO,2016,14,25,2016-06-26,29.375
CO,2016,15,26,2016-07-03,31.625
CO,2016,16,27,2016-07-10,37.875
CO,2016,17,28,2016-07-17,41.125
CO,2016,18,29,2016-07-24,42.375
CO,2016,19,30,2016-07-31,44.375
CO,2016,20,31,2016-08-07,46.125
CO,2016,21,32,2016-08-14,48.375
CO,2016,22,33,2016-08-21,50.75
CO,2016,23,34,2016-08-28,53.0
CO,2016,24,35,2016-09-04,54.75
CO,2016,25,36,2016-09-11,56.75
CO,2016,26,37,2016-09-18,57.875
CO,2016,27,38,2016-09-25,59.0
CO,2016,28,39,2016-10-02,60.125
CO,2016,29,40,2016-10-09,60.875
CO,2017,1,12,2017-03-26,0.375
CO,2017,2,13,2017-04-02,1.25
CO,2017,3,14,2017-04-09,1.375
CO,2017,4,15,2017-04-16,2.375
CO,2017,5,16,2017-04-23,4.25
CO,2017,6,17,2017-04-30,7.375
CO,2017,7,18,2017-05-07,12.0
CO,2017,8,19,2017-05-14,16.125
CO,2017,9,20,2017-05-21,18.75
CO,2017,10,21,2017-05-28,20.25
CO,2017,11,22,2017-06-04,21.375
CO,2017,12,23,2017-06-11,22.75
CO,2017,13,24,2017-06-18,25.0
CO,2017,14,25,2017-06-25,28.75
CO,2017,15,26,2017-07-02,31.875
CO,2017,16,27,2017-07-09,35.5
CO,2017,17,28,2017-07-16,37.0
CO,2017,18,29,2017-07-23,40.25
CO,2017,19,30,2017-07-30,43.625
CO,2017,20,31,2017-08-06,46.25
CO,2017,21,32,2017-08-13,48.125
CO,2017,22,33,2017-08-20,48.875
CO,2017,23,34,2017-08-27,51.375
CO,2017,24,35,2017-09-03,54.125
CO,2017,25,36,2017-09-10,56.5
CO,2017,26,37,2017-09-17,57.875
CO,2017,27,38,2017-09-24,58.375
CO,2017,28,39,2017-10-01,58.5
CO,2017,29,40,2017-10-08,58.75
CO,2018,1,12,2018-03-25,0.125
CO,2018,2,13,2018-04-01,1.0
CO,2018,3,14,2018-04-08,1.75
CO,2018,4,15,2018-04-15,4.875
CO,2018,5,16,2018-04-22,8.25
CO,2018,6,17,2018-04-29,11.125
CO,2018,7,18,2018-05-06,13.625
CO,2018,8,19,2018-05-13,17.875
CO,2018,9,20,2018-05-20,19.75
CO,2018,10,21,2018-05-27,21.375
CO,2018,11,22,2018-06-03,22.75
CO,2018,12,23,2018-06-10,24.625
CO,2018,13,24,2018-06-17,26.0
CO,2018,14,25,2018-06-24,27.5
CO,2018,15,26,2018-07-01,30.25
CO,2018,16,27,2018-07-08,31.0
CO,2018,17,28,2018-07-15,32.125
CO,2018,18,29,2018-07-22,36.125
CO,2018,19,30,2018-07-29,39.875
CO,2018,20,31,2018-08-05,44.0
CO,2018,21,32,2018-08-12,47.0
CO,2018,22,33,2018-08-19,52.375
CO,2018,23,34,2018-08-26,54.875
CO,2018,24,35,2018-09-02,56.0
CO,2018,25,36,2018-09-09,57.625
CO,2018,26,37,2018-09-16,58.875
CO,2018,27,38,2018-09-23,59.125
CO,2018,28,39,2018-09-30,59.625
ID,2016,2,13,2016-04-03,0.25
ID,2016,3,14,2016-04-10,3.75
ID,2016,4,15,2016-04-17,5.75
ID,2016,5,16,2016-04-24,9.875
ID,2016,6,17,2016-05-01,15.0
ID,2016,7,18,2016-05-08,20.25
ID,2016,8,19,2016-05-15,22.75
ID,2016,9,20,2016-05-22,23.75
ID,2016,10,21,2016-05-29,24.0
ID,2016,11,22,2016-06-05,24.5
ID,2016,12,23,2016-06-12,25.5
ID,2016,13,24,2016-06-19,30.125
ID,2016,14,25,2016-06-26,32.375
ID,2016,15,26,2016-07-03,34.25
ID,2016,16,27,2016-07-10,35.625
ID,2016,17,28,2016-07-17,36.5
ID,2016,18,29,2016-07-24,36.625
ID,2016,19,30,2016-07-31,37.25
ID,2016,20,31,2016-08-07,41.625
ID,2016,21,32,2016-08-14,43.625
ID,2016,22,33,2016-08-21,44.0
ID,2016,23,34,2016-08-28,45.875
ID,2016,24,35,2016-09-04,46.75
ID,2016,25,36,2016-09-11,48.125
ID,2016,26,37,2016-09-18,48.75
ID,2017,1,12,2017-03-26,0.375
ID,2017,2,13,2017-04-02,1.0
ID,2017,3,14,2017-04-09,2.375
ID,2017,4,15,2017-04-16,3.5
ID,2017,5,16,2017-04-23,7.5
ID,2017,6,17,2017-04-30,8.75
ID,2017,7,18,2017-05-07,11.25
ID,2017,8,19,2017-05-14,14.125
ID,2017,9,20,2017-05-21,17.0
ID,2017,10,21,2017-05-28,20.125
ID,2017,11,22,2017-06-04,21.5
ID,2017,12,23,2017-06-11,22.5
ID,2017,13,24,2017-06-18,25.625
ID,2017,14,25,2017-06-25,26.5
ID,2017,15,26,2017-07-02,30.75
ID,2017,16,27,2017-07-09,32.75
ID,2017,17,28,2017-07-16,33.75
ID,2017,18,29,2017-07-23,35.0
ID,2017,19,30,2017-07-30,35.5
ID,2017,20,31,2017-08-06,37.5
ID,2017,21,32,2017-08-13,40.125
ID,2017,22,33,2017-08-20,42.125
ID,2017,23,34,2017-08-27,44.5
ID,2017,24,35,2017-09-03,47.0
ID,2017,25,36,2017-09-10,47.875
ID,2018,1,12,2018-03-25,0.25
ID,2018,2,13,2018-04-01,0.875
ID,2018,3,14,2018-04-08,1.375
ID,2018,4,15,2018-04-15,3.0
ID,2018,5,16,2018-04-22,5.0
ID,2018,6,17,2018-04-29,9.875
ID,2018,7,18,2018-05-06,14.75
ID,2018,8,19,2018-05-13,18.25
ID,2018,9,20,2018-05-20,20.75
ID,2018,10,21,2018-05-27,23.125
ID,2018,11,22,2018-06-03,23.5
ID,2018,12,23,2018-06-10,24.375
ID,2018,13,24,2018-06-17,25.75
ID,2018,14,25,2018-06-24,28.375
ID,2018,15,26,2018-07-01,31.0
ID,2018,16,27,2018-07-08,34.25
ID,2018,17,28,2018-07-15,35.125
ID,2018,18,29,2018-07-22,35.5
ID,2018,19,30,2018-07-29,36.125
ID,2018,20,31,2018-08-05,36.75
ID,2018,21,32,2018-08-12,39.0
ID,2018,22,33,2018-08-19,41.875
ID,2018,23,34,2018-08-26,44.375
ID,2018,24,35,2018-09-02,45.125
ID,2018,25,36,2018-09-09,47.125
ID,2018,26,37,2018-09-16,48.125
ID,2019,1,12,2019-03-24,0.0
ID,2019,2,13,2019-03-31,0.25
ID,2019,3,14,2019-04-07,0.375
ID,2019,4,15,2019-04-14,2.25
ID,2019,5,16,2019-04-21,5.0
ID,2019,6,17,2019-04-28,8.875
ID,2019,7,18,2019-05-05,11.625
ID,2019,8,19,2019-05-12,13.5
ID,2019,9,20,2019-05-19,18.5
ID,2019,10,21,2019-05-26,19.875
ID,2019,11,22,2019-06-02,21.375
ID,2019,12,23,2019-06-09,23.875
ID,2019,13,24,2019-06-16,24.875
ID,2019,14,25,2019-06-23,26.5
ID,2019,15,26,2019-06-30,29.0
ID,2019,16,27,2019-07-07,33.375
ID,2019,17,28,2019-07-14,34.875
ID,2019,18,29,2019-07-21,35.875
ID,2019,19,30,2019-07-28,36.125
ID,2019,20,31,2019-08-04,36.25
ID,2019,21,32,2019-08-11,38.0
ID,2019,22,33,2019-08-18,39.5
ID,2019,23,34,2019-08-25,41.75
ID,2019,24,35,2019-09-01,44.75
ID,2019,25,36,2019-09-08,46.75
ID,2019,26,37,2019-09-15,47.25
ID,2019,27,38,2019-09-22,48.0
ID,2019,28,39,2019-09-29,48.25
ID,2019,29,40,2019-10-06,48.5
ID,2020,3,14,2020-04-05,2.875
ID,2020,4,15,2020-04-12,5.25
ID,2020,5,16,2020-04-19,7.5
ID,2020,6,17,2020-04-26,9.375
ID,2020,7,18,2020-05-03,12.375
ID,2020,8,19,2020-05-10,16.625
ID,2020,9,20,2020-05-17,21.0
ID,2020,10,21,2020-05-24,23.0
ID,2020,11,22,2020-05-31,24.375
ID,2020,12,23,2020-06-07,25.875
ID,2020,13,24,2020-06-14,27.25
ID,2020,14,25,2020-06-21,28.5
ID,2020,15,26,2020-06-28,29.875
ID,2020,16,27,2020-07-05,33.0
ID,2020,17,28,2020-07-12,34.75
ID,2020,18,29,2020-07-19,36.25
ID,2020,19,30,2020-07-26,37.125
ID,2020,20,31,2020-08-02,37.875
ID,2020,21,32,2020-08-09,39.625
ID,2020,22,33,2020-08-16,42.375
ID,2020,23,34,2020-08-23,43.5
ID,2020,24,35,2020-08-30,46.0
ID,2020,25,36,2020-09-06,47.75
ID,2020,26,37,2020-09-13,48.75
ID,2020,27,38,2020-09-20,49.25
ID,2021,1,12,2021-03-28,1.5
ID,2021,2,13,2021-04-04,2.0
ID,2021,3,14,2021-04-11,3.25
ID,2021,4,15,2021-04-18,6.25
ID,2021,5,16,2021-04-25,11.75
ID,2021,6,17,2021-05-02,15.375
ID,2021,7,18,2021-05-09,18.5
ID,2021,8,19,2021-05-16,21.25
ID,2021,9,20,2021-05-23,22.625
ID,2021,10,21,2021-05-30,24.25
ID,2021,11,22,2021-06-06,25.125
ID,2021,12,23,2021-06-13,26.0
ID,2021,13,24,2021-06-20,27.75
ID,2021,14,25,2021-06-27,30.0
ID,2021,15,26,2021-07-04,32.375
ID,2021,16,27,2021-07-11,35.625
ID,2021,17,28,2021-07-18,36.875
ID,2021,18,29,2021-07-25,37.625
ID,2021,19,30,2021-08-01,38.5
ID,2021,20,31,2021-08-08,42.0
ID,2021,21,32,2021-08-15,44.5
ID,2021,22,33,2021-08-22,46.25
ID,2021,23,34,2021-08-29,48.125
ID,2021,24,35,2021-09-05,48.625
ID,2021,25,36,2021-09-12,49.25
ID,2022,2,13,2022-04-03,0.875
ID,2022,3,14,2022-04-10,2.875
ID,2022,4,15,2022-04-17,3.75
ID,2022,5,16,2022-04-24,5.875
ID,2022,6,17,2022-05-01,10.625
ID,2022,7,18,2022-05-08,13.875
ID,2022,8,19,2022-05-15,17.875
ID,2022,9,20,2022-05-22,19.375
ID,2022,10,21,2022-05-29,21.375
ID,2022,11,22,2022-06-05,22.75
ID,2022,12,23,2022-06-12,24.5
ID,2022,13,24,2022-06-19,25.5
ID,2022,14,25,2022-06-26,28.5
ID,2022,15,26,2022-07-03,32.125
ID,2022,16,27,2022-07-10,35.25
ID,2022,17,28,2022-07-17,36.75
ID,2022,18,29,2022-07-24,37.0
ID,2022,19,30,2022-07-31,37.875
ID,2022,20,31,2022-08-07,38.25
ID,2022,21,32,2022-08-14,39.0
ID,2022,22,33,2022-08-21,40.625
ID,2022,23,34,2022-08-28,43.5
ID,2022,24,35,2022-09-04,46.5
ID,2022,25,36,2022-09-11,48.0
ID,2022,26,37,2022-09-18,48.875
ID,2022,27,38,2022-09-25,49.375
ID,2023,2,13,2023-04-02,0.0
ID,2023,3,14,2023-04-09,0.25
ID,2023,4,15,2023-04-16,3.125
ID,2023,5,16,2023-04-23,3.375
ID,2023,6,17,2023-04-30,7.125
ID,2023,7,18,2023-05-07,12.625
ID,2023,8,19,2023-05-14,15.25
ID,2023,9,20,2023-05-21,19.375
ID,2023,10,21,2023-05-28,22.875
ID,2023,11,22,2023-06-04,24.375
ID,2023,12,23,2023-06-11,24.875
ID,2023,13,24,2023-06-18,25.75
ID,2023,14,25,2023-06-25,28.0
ID,2023,15,26,2023-07-02,32.375
ID,2023,16,27,2023-07-09,35.125
ID,2023,17,28,2023-07-16,36.5
ID,2023,18,29,2023-07-23,37.0
ID,2023,19,30,2023-07-30,37.5
ID,2023,20,31,2023-08-06,37.625
ID,2023,21,32,2023-08-13,37.875
ID,2023,22,33,2023-08-20,40.5
ID,2023,23,34,2023-08-27,42.625
ID,2023,24,35,2023-09-03,45.0
ID,2023,25,36,2023-09-10,46.625
ID,2023,26,37,2023-09-17,48.0
ID,2023,27,38,2023-09-24,48.75
ID,2023,28,39,2023-10-01,49.5
ID,2024,2,13,2024-03-31,1.0
ID,2024,3,14,2024-04-07,3.125
ID,2024,4,15,2024-04-14,5.5
ID,2024,5,16,2024-04-21,8.125
ID,2024,6,17,2024-04-28,12.75
ID,2024,7,18,2024-05-05,16.625
ID,2024,8,19,2024-05-12,19.125
ID,2024,9,20,2024-05-19,21.0
ID,2024,10,21,2024-05-26,21.875
ID,2024,11,22,2024-06-02,24.25
ID,2024,12,23,2024-06-09,24.625
ID,2024,13,24,2024-06-16,25.25
ID,2024,14,25,2024-06-23,27.0
ID,2024,15,26,2024-06-30,29.625
ID,2024,16,27,2024-07-07,34.0
ID,2024,17,28,2024-07-14,34.875
ID,2024,18,29,2024-07-21,36.125
ID,2024,19,30,2024-07-28,36.75
ID,2024,20,31,2024-08-04,37.5
ID,2024,21,32,2024-08-11,39.375
ID,2024,22,33,2024-08-18,40.25
ID,2024,23,34,2024-08-25,42.625
ID,2024,24,35,2024-09-01,46.875
ID,2024,25,36,2024-09-08,48.25
ID,2024,26,37,2024-09-15,49.125
ID,2024,27,38,2024-09-22,49.375
ID,2025,3,14,2025-04-06,2.875
ID,2025,4,15,2025-04-13,5.375
ID,2025,5,16,2025-04-20,8.625
ID,2025,6,17,2025-04-27,12.375
ID,2025,7,18,2025-05-04,17.0
ID,2025,8,19,2025-05-11,21.0
ID,2025,9,20,2025-05-18,22.0
ID,2025,10,21,2025-05-25,23.75
ID,2025,11,22,2025-06-01,24.75
ID,2025,12,23,2025-06-08,25.125
ID,2025,13,24,2025-06-15,26.5
ID,2025,14,25,2025-06-22,29.375
ID,2025,15,26,2025-06-29,32.25
ID,2025,16,27,2025-07-06,35.375
ID,2025,17,28,2025-07-13,36.875
ID,2025,18,29,2025-07-20,37.5
ID,2025,19,30,2025-07-27,38.0
ID,2025,20,31,2025-08-03,38.625
ID,2025,21,32,2025-08-10,40.125
ID,2025,22,33,2025-08-17,43.125
ID,2025,23,34,2025-08-24,45.625
ID,2025,24,35,2025-08-31,48.25
ID,2025,25,36,2025-09-07,49.125
ID,2025,26,37,2025-09-14,49.625
ID,2025,27,38,2025-09-21,49.875
MN,2016,2,13,2016-04-03,0.125
MN,2016,3,14,2016-04-10,0.625
MN,2016,4,15,2016-04-17,2.875
MN,2016,5,16,2016-04-24,6.875
MN,2016,6,17,2016-05-01,11.25
MN,2016,7,18,2016-05-08,17.25
MN,2016,8,19,2016-05-15,22.375
MN,2016,9,20,2016-05-22,25.375
MN,2016,10,21,2016-05-29,30.125
MN,2016,11,22,2016-06-05,32.375
MN,2016,12,23,2016-06-12,35.625
MN,2016,13,24,2016-06-19,41.125
MN,2016,14,25,2016-06-26,45.875
MN,2016,15,26,2016-07-03,49.875
MN,2016,16,27,2016-07-10,53.875
MN,2016,17,28,2016-07-17,56.75
MN,2016,18,29,2016-07-24,60.25
MN,2016,19,30,2016-07-31,63.125
MN,2016,20,31,2016-08-07,66.75
MN,2016,21,32,2016-08-14,68.625
MN,2016,22,33,2016-08-21,71.125
MN,2016,23,34,2016-08-28,72.5
MN,2016,24,35,2016-09-04,73.75
MN,2016,25,36,2016-09-11,74.0
MN,2016,26,37,2016-09-18,74.0
MN,2017,2,13,2017-04-02,0.0
MN,2017,3,14,2017-04-09,0.25
MN,2017,4,15,2017-04-16,1.125
MN,2017,5,16,2017-04-23,2.0
MN,2017,6,17,2017-04-30,3.25
MN,2017,7,18,2017-05-07,10.125
MN,2017,8,19,2017-05-14,16.25
MN,2017,9,20,2017-05-21,22.375
MN,2017,10,21,2017-05-28,26.625
MN,2017,11,22,2017-06-04,28.875
MN,2017,12,23,2017-06-11,30.125
MN,2017,13,24,2017-06-18,36.625
MN,2017,14,25,2017-06-25,41.125
MN,2017,15,26,2017-07-02,46.5
MN,2017,16,27,2017-07-09,51.0
MN,2017,17,28,2017-07-16,54.25
MN,2017,18,29,2017-07-23,56.25
MN,2017,19,30,2017-07-30,60.875
MN,2017,20,31,2017-08-06,63.25
MN,2017,21,32,2017-08-13,65.375
MN,2017,22,33,2017-08-20,67.375
MN,2017,23,34,2017-08-27,70.25
MN,2017,24,35,2017-09-03,73.25
MN,2017,25,36,2017-09-10,74.25
MN,2018,3,14,2018-04-08,0.0
MN,2018,4,15,2018-04-15,0.0
MN,2018,5,16,2018-04-22,0.0
MN,2018,6,17,2018-04-29,0.25
MN,2018,7,18,2018-05-06,3.375
MN,2018,8,19,2018-05-13,8.75
MN,2018,9,20,2018-05-20,15.75
MN,2018,10,21,2018-05-27,20.5
MN,2018,11,22,2018-06-03,24.125
MN,2018,12,23,2018-06-10,28.625
MN,2018,13,24,2018-06-17,33.125
MN,2018,14,25,2018-06-24,40.25
MN,2018,15,26,2018-07-01,46.75
MN,2018,16,27,2018-07-08,49.75
MN,2018,17,28,2018-07-15,54.75
MN,2018,18,29,2018-07-22,58.625
MN,2018,19,30,2018-07-29,60.625
MN,2018,20,31,2018-08-05,62.875
MN,2018,21,32,2018-08-12,67.125
MN,2018,22,33,2018-08-19,70.75
MN,2018,23,34,2018-08-26,73.0
MN,2018,24,35,2018-09-02,73.5
MN,2018,25,36,2018-09-09,73.625
MN,2018,26,37,2018-09-16,73.75
MN,2019,3,14,2019-04-07,0.0
MN,2019,4,15,2019-04-14,0.0
MN,2019,5,16,2019-04-21,0.0
MN,2019,6,17,2019-04-28,0.25
MN,2019,7,18,2019-05-05,0.875
MN,2019,8,19,2019-05-12,4.625
MN,2019,9,20,2019-05-19,11.625
MN,2019,10,21,2019-05-26,17.25
MN,2019,11,22,2019-06-02,22.25
MN,2019,12,23,2019-06-09,25.375
MN,2019,13,24,2019-06-16,29.5
MN,2019,14,25,2019-06-23,34.625
MN,2019,15,26,2019-06-30,39.375
MN,2019,16,27,2019-07-07,46.0
MN,2019,17,28,2019-07-14,51.125
MN,2019,18,29,2019-07-21,55.125
MN,2019,19,30,2019-07-28,59.0
MN,2019,20,31,2019-08-04,60.75
MN,2019,21,32,2019-08-11,62.25
MN,2019,22,33,2019-08-18,63.0
MN,2019,23,34,2019-08-25,66.875
MN,2019,24,35,2019-09-01,69.375
MN,2019,25,36,2019-09-08,71.0
MN,2019,26,37,2019-09-15,71.625
MN,2019,27,38,2019-09-22,73.0
MN,2019,28,39,2019-09-29,73.375
MN,2019,29,40,2019-10-06,73.5
MN,2020,3,14,2020-04-05,0.0
MN,2020,4,15,2020-04-12,0.0
MN,2020,5,16,2020-04-19,0.125
MN,2020,6,17,2020-04-26,0.75
MN,2020,7,18,2020-05-03,3.125
MN,2020,8,19,2020-05-10,6.375
MN,2020,9,20,2020-05-17,12.5
MN,2020,10,21,2020-05-24,17.5
MN,2020,11,22,2020-05-31,23.125
MN,2020,12,23,2020-06-07,28.875
MN,2020,13,24,2020-06-14,30.625
MN,2020,14,25,2020-06-21,35.125
MN,2020,15,26,2020-06-28,42.375
MN,2020,16,27,2020-07-05,47.625
MN,2020,17,28,2020-07-12,50.75
MN,2020,18,29,2020-07-19,52.875
MN,2020,19,30,2020-07-26,58.25
MN,2020,20,31,2020-08-02,61.625
MN,2020,21,32,2020-08-09,63.75
MN,2020,22,33,2020-08-16,65.25
MN,2020,23,34,2020-08-23,68.125
MN,2020,24,35,2020-08-30,72.0
MN,2020,25,36,2020-09-06,73.125
MN,2020,26,37,2020-09-13,73.5
MN,2020,27,38,2020-09-20,73.75
MN,2021,2,13,2021-04-04,0.125
MN,2021,3,14,2021-04-11,0.875
MN,2021,4,15,2021-04-18,1.25
MN,2021,5,16,2021-04-25,2.5
MN,2021,6,17,2021-05-02,11.375
MN,2021,7,18,2021-05-09,18.5
MN,2021,8,19,2021-05-16,24.5
MN,2021,9,20,2021-05-23,27.375
MN,2021,10,21,2021-05-30,29.875
MN,2021,11,22,2021-06-06,31.25
MN,2021,12,23,2021-06-13,35.625
MN,2021,13,24,2021-06-20,44.0
MN,2021,14,25,2021-06-27,47.625
MN,2021,15,26,2021-07-04,51.625
MN,2021,16,27,2021-07-11,56.125
MN,2021,17,28,2021-07-18,60.75
MN,2021,18,29,2021-07-25,61.625
MN,2021,19,30,2021-08-01,65.75
MN,2021,20,31,2021-08-08,71.25
MN,2021,21,32,2021-08-15,73.25
MN,2021,22,33,2021-08-22,74.0
MN,2021,23,34,2021-08-29,74.125
MN,2021,24,35,2021-09-05,74.25
MN,2022,2,13,2022-04-03,0.0
MN,2022,3,14,2022-04-10,0.0
MN,2022,4,15,2022-04-17,0.0
MN,2022,5,16,2022-04-24,0.0
MN,2022,6,17,2022-05-01,0.125
MN,2022,7,18,2022-05-08,0.25
MN,2022,8,19,2022-05-15,0.75
MN,2022,9,20,2022-05-22,1.875
MN,2022,10,21,2022-05-29,7.875
MN,2022,11,22,2022-06-05,12.375
MN,2022,12,23,2022-06-12,20.5
MN,2022,13,24,2022-06-19,30.0
MN,2022,14,25,2022-06-26,33.0
MN,2022,15,26,2022-07-03,36.125
MN,2022,16,27,2022-07-10,40.25
MN,2022,17,28,2022-07-17,47.125
MN,2022,18,29,2022-07-24,51.25
MN,2022,19,30,2022-07-31,55.125
MN,2022,20,31,2022-08-07,58.375
MN,2022,21,32,2022-08-14,62.25
MN,2022,22,33,2022-08-21,65.125
MN,2022,23,34,2022-08-28,67.375
MN,2022,24,35,2022-09-04,69.0
MN,2022,25,36,2022-09-11,71.25
MN,2022,26,37,2022-09-18,73.375
MN,2022,27,38,2022-09-25,74.125
MN,2023,2,13,2023-04-02,0.0
MN,2023,3,14,2023-04-09,0.0
MN,2023,4,15,2023-04-16,0.0
MN,2023,5,16,2023-04-23,0.0
MN,2023,6,17,2023-04-30,0.0
MN,2023,7,18,2023-05-07,0.875
MN,2023,8,19,2023-05-14,3.875
MN,2023,9,20,2023-05-21,13.0
MN,2023,10,21,2023-05-28,20.25
MN,2023,11,22,2023-06-04,23.625
MN,2023,12,23,2023-06-11,30.0
MN,2023,13,24,2023-06-18,34.0
MN,2023,14,25,2023-06-25,39.625
MN,2023,15,26,2023-07-02,45.125
MN,2023,16,27,2023-07-09,50.25
MN,2023,17,28,2023-07-16,54.0
MN,2023,18,29,2023-07-23,57.75
MN,2023,19,30,2023-07-30,60.125
MN,2023,20,31,2023-08-06,62.5
MN,2023,21,32,2023-08-13,65.125
MN,2023,22,33,2023-08-20,66.75
MN,2023,23,34,2023-08-27,68.75
MN,2023,24,35,2023-09-03,72.25
MN,2023,25,36,2023-09-10,73.375
MN,2023,26,37,2023-09-17,73.875
MN,2023,27,38,2023-09-24,74.125
MN,2024,2,13,2024-03-31,0.0
MN,2024,3,14,2024-04-07,0.25
MN,2024,4,15,2024-04-14,0.375
MN,2024,5,16,2024-04-21,2.5
MN,2024,6,17,2024-04-28,6.625
MN,2024,7,18,2024-05-05,8.625
MN,2024,8,19,2024-05-12,14.0
MN,2024,9,20,2024-05-19,21.25
MN,2024,10,21,2024-05-26,26.0
MN,2024,11,22,2024-06-02,29.625
MN,2024,12,23,2024-06-09,31.75
MN,2024,13,24,2024-06-16,34.375
MN,2024,14,25,2024-06-23,39.875
MN,2024,15,26,2024-06-30,44.375
MN,2024,16,27,2024-07-07,46.625
MN,2024,17,28,2024-07-14,51.25
MN,2024,18,29,2024-07-21,54.25
MN,2024,19,30,2024-07-28,57.625
MN,2024,20,31,2024-08-04,60.375
MN,2024,21,32,2024-08-11,62.25
MN,2024,22,33,2024-08-18,65.375
MN,2024,23,34,2024-08-25,68.5
MN,2024,24,35,2024-09-01,71.125
MN,2024,25,36,2024-09-08,72.875
MN,2024,26,37,2024-09-15,74.125
MN,2024,27,38,2024-09-22,74.25
MN,2025,3,14,2025-04-06,0.0
MN,2025,4,15,2025-04-13,0.125
MN,2025,5,16,2025-04-20,0.375
MN,2025,6,17,2025-04-27,1.75
MN,2025,7,18,2025-05-04,4.375
MN,2025,8,19,2025-05-11,11.0
MN,2025,9,20,2025-05-18,18.75
MN,2025,10,21,2025-05-25,22.875
MN,2025,11,22,2025-06-01,26.625
MN,2025,12,23,2025-06-08,30.25
MN,2025,13,24,2025-06-15,30.875
MN,2025,14,25,2025-06-22,33.0
MN,2025,15,26,2025-06-29,40.5
MN,2025,16,27,2025-07-06,44.875
MN,2025,17,28,2025-07-13,50.0
MN,2025,18,29,2025-07-20,55.25
MN,2025,19,30,2025-07-27,58.875
MN,2025,20,31,2025-08-03,61.375
MN,2025,21,32,2025-08-10,63.625
MN,2025,22,33,2025-08-17,67.875
MN,2025,23,34,2025-08-24,70.875
MN,2025,24,35,2025-08-31,72.875
MN,2025,25,36,2025-09-07,73.875
MN,2025,26,37,2025-09-14,74.25
MN,2025,27,38,2025-09-21,74.25
MT,2016,2,13,2016-04-03,0.375
MT,2016,3,14,2016-04-10,2.125
MT,2016,4,15,2016-04-17,4.25
MT,2016,5,16,2016-04-24,6.875
MT,2016,6,17,2016-05-01,10.125
MT,2016,7,18,2016-05-08,14.0
MT,2016,8,19,2016-05-15,16.75
MT,2016,9,20,2016-05-22,20.375
MT,2016,10,21,2016-05-29,22.5
MT,2016,11,22,2016-06-05,25.0
MT,2016,12,23,2016-06-12,28.0
MT,2016,13,24,2016-06-19,32.5
MT,2016,14,25,2016-06-26,38.125
MT,2016,15,26,2016-07-03,40.75
MT,2016,16,27,2016-07-10,45.5
MT,2016,17,28,2016-07-17,48.25
MT,2016,18,29,2016-07-24,52.5
MT,2016,19,30,2016-07-31,55.75
MT,2016,20,31,2016-08-07,60.25
MT,2016,21,32,2016-08-14,64.875
MT,2016,22,33,2016-08-21,66.875
MT,2016,23,34,2016-08-28,69.375
MT,2016,24,35,2016-09-04,71.125
MT,2016,25,36,2016-09-11,71.375
MT,2016,26,37,2016-09-18,72.0
MT,2016,27,38,2016-09-25,72.125
MT,2017,2,13,2017-04-02,0.0
MT,2017,3,14,2017-04-09,0.25
MT,2017,4,15,2017-04-16,1.0
MT,2017,5,16,2017-04-23,3.0
MT,2017,6,17,2017-04-30,4.875
MT,2017,7,18,2017-05-07,8.0
MT,2017,8,19,2017-05-14,14.75
MT,2017,9,20,2017-05-21,17.25
MT,2017,10,21,2017-05-28,19.75
MT,2017,11,22,2017-06-04,21.75
MT,2017,12,23,2017-06-11,23.75
MT,2017,13,24,2017-06-18,26.75
MT,2017,14,25,2017-06-25,33.625
MT,2017,15,26,2017-07-02,38.375
MT,2017,16,27,2017-07-09,43.125
MT,2017,17,28,2017-07-16,46.625
MT,2017,18,29,2017-07-23,49.75
MT,2017,19,30,2017-07-30,56.25
MT,2017,20,31,2017-08-06,64.125
MT,2017,21,32,2017-08-13,65.125
MT,2017,22,33,2017-08-20,68.75
MT,2017,23,34,2017-08-27,71.625
MT,2017,24,35,2017-09-03,72.625
MT,2017,25,36,2017-09-10,73.125
MT,2018,3,14,2018-04-08,0.0
MT,2018,4,15,2018-04-15,0.0
MT,2018,5,16,2018-04-22,0.0
MT,2018,6,17,2018-04-29,0.75
MT,2018,7,18,2018-05-06,3.0
MT,2018,8,19,2018-05-13,6.5
MT,2018,9,20,2018-05-20,11.625
MT,2018,10,21,2018-05-27,17.125
MT,2018,11,22,2018-06-03,20.75
MT,2018,12,23,2018-06-10,24.0
MT,2018,13,24,2018-06-17,27.0
MT,2018,14,25,2018-06-24,33.5
MT,2018,15,26,2018-07-01,35.5
MT,2018,16,27,2018-07-08,43.5
MT,2018,17,28,2018-07-15,50.625
MT,2018,18,29,2018-07-22,53.125
MT,2018,19,30,2018-07-29,56.25
MT,2018,20,31,2018-08-05,59.75
MT,2018,21,32,2018-08-12,63.125
MT,2018,22,33,2018-08-19,65.5
MT,2018,23,34,2018-08-26,67.5
MT,2018,24,35,2018-09-02,69.25
MT,2018,25,36,2018-09-09,70.75
MT,2018,26,37,2018-09-16,71.625
MT,2018,27,38,2018-09-23,72.0
MT,2019,2,13,2019-03-31,0.0
MT,2019,3,14,2019-04-07,0.0
MT,2019,4,15,2019-04-14,0.125
MT,2019,5,16,2019-04-21,1.25
MT,2019,6,17,2019-04-28,2.875
MT,2019,7,18,2019-05-05,4.875
MT,2019,8,19,2019-05-12,9.625
MT,2019,9,20,2019-05-19,12.625
MT,2019,10,21,2019-05-26,15.375
MT,2019,11,22,2019-06-02,19.125
MT,2019,12,23,2019-06-09,21.875
MT,2019,13,24,2019-06-16,23.375
MT,2019,14,25,2019-06-23,27.75
MT,2019,15,26,2019-06-30,32.25
MT,2019,16,27,2019-07-07,36.5
MT,2019,17,28,2019-07-14,42.625
MT,2019,18,29,2019-07-21,47.375
MT,2019,19,30,2019-07-28,51.875
MT,2019,20,31,2019-08-04,56.375
MT,2019,21,32,2019-08-11,60.875
MT,2019,22,33,2019-08-18,62.625
MT,2019,23,34,2019-08-25,64.375
MT,2019,24,35,2019-09-01,65.875
MT,2019,25,36,2019-09-08,67.875
MT,2019,26,37,2019-09-15,68.75
MT,2019,27,38,2019-09-22,70.125
MT,2019,28,39,2019-09-29,70.625
MT,2019,29,40,2019-10-06,70.875
MT,2020,3,14,2020-04-05,0.125
MT,2020,4,15,2020-04-12,0.25
MT,2020,5,16,2020-04-19,0.375
MT,2020,6,17,2020-04-26,1.375
MT,2020,7,18,2020-05-03,4.25
MT,2020,8,19,2020-05-10,9.375
MT,2020,9,20,2020-05-17,15.0
MT,2020,10,21,2020-05-24,20.5
MT,2020,11,22,2020-05-31,22.5
MT,2020,12,23,2020-06-07,23.5
MT,2020,13,24,2020-06-14,25.75
MT,2020,14,25,2020-06-21,29.375
MT,2020,15,26,2020-06-28,34.5
MT,2020,16,27,2020-07-05,41.375
MT,2020,17,28,2020-07-12,44.875
MT,2020,18,29,2020-07-19,49.25
MT,2020,19,30,2020-07-26,54.0
MT,2020,20,31,2020-08-02,57.375
MT,2020,21,32,2020-08-09,61.5
MT,2020,22,33,2020-08-16,64.875
MT,2020,23,34,2020-08-23,67.375
MT,2020,24,35,2020-08-30,69.75
MT,2020,25,36,2020-09-06,71.0
MT,2020,26,37,2020-09-13,72.0
MT,2020,27,38,2020-09-20,72.375
MT,2021,2,13,2021-04-04,0.125
MT,2021,3,14,2021-04-11,0.75
MT,2021,4,15,2021-04-18,1.875
MT,2021,5,16,2021-04-25,2.625
MT,2021,6,17,2021-05-02,4.875
MT,2021,7,18,2021-05-09,9.125
MT,2021,8,19,2021-05-16,13.125
MT,2021,9,20,2021-05-23,18.125
MT,2021,10,21,2021-05-30,21.0
MT,2021,11,22,2021-06-06,23.25
MT,2021,12,23,2021-06-13,25.625
MT,2021,13,24,2021-06-20,30.125
MT,2021,14,25,2021-06-27,34.625
MT,2021,15,26,2021-07-04,39.625
MT,2021,16,27,2021-07-11,43.375
MT,2021,17,28,2021-07-18,50.125
MT,2021,18,29,2021-07-25,54.875
MT,2021,19,30,2021-08-01,59.25
MT,2021,20,31,2021-08-08,63.0
MT,2021,21,32,2021-08-15,66.625
MT,2021,22,33,2021-08-22,68.5
MT,2021,23,34,2021-08-29,70.5
MT,2021,24,35,2021-09-05,71.75
MT,2022,2,13,2022-04-03,0.375
MT,2022,3,14,2022-04-10,0.875
MT,2022,4,15,2022-04-17,1.25
MT,2022,5,16,2022-04-24,2.375
MT,2022,6,17,2022-05-01,4.75
MT,2022,7,18,2022-05-08,8.25
MT,2022,8,19,2022-05-15,12.5
MT,2022,9,20,2022-05-22,18.0
MT,2022,10,21,2022-05-29,21.0
MT,2022,11,22,2022-06-05,24.0
MT,2022,12,23,2022-06-12,26.375
MT,2022,13,24,2022-06-19,30.5
MT,2022,14,25,2022-06-26,34.25
MT,2022,15,26,2022-07-03,38.625
MT,2022,16,27,2022-07-10,42.0
MT,2022,17,28,2022-07-17,45.625
MT,2022,18,29,2022-07-24,51.75
MT,2022,19,30,2022-07-31,56.0
MT,2022,20,31,2022-08-07,61.375
MT,2022,21,32,2022-08-14,63.75
MT,2022,22,33,2022-08-21,67.875
MT,2022,23,34,2022-08-28,70.75
MT,2022,24,35,2022-09-04,72.25
MT,2022,25,36,2022-09-11,73.75
MT,2022,26,37,2022-09-18,73.875
MT,2022,27,38,2022-09-25,73.875
MT,2023,2,13,2023-04-02,0.0
MT,2023,3,14,2023-04-09,0.0
MT,2023,4,15,2023-04-16,0.125
MT,2023,5,16,2023-04-23,0.625
MT,2023,6,17,2023-04-30,1.5
MT,2023,7,18,2023-05-07,4.125
MT,2023,8,19,2023-05-14,8.625
MT,2023,9,20,2023-05-21,14.25
MT,2023,10,21,2023-05-28,18.0
MT,2023,11,22,2023-06-04,20.875
MT,2023,12,23,2023-06-11,24.625
MT,2023,13,24,2023-06-18,29.0
MT,2023,14,25,2023-06-25,35.375
MT,2023,15,26,2023-07-02,39.625
MT,2023,16,27,2023-07-09,44.125
MT,2023,17,28,2023-07-16,48.125
MT,2023,18,29,2023-07-23,49.75
MT,2023,19,30,2023-07-30,53.375
MT,2023,20,31,2023-08-06,59.125
MT,2023,21,32,2023-08-13,63.625
MT,2023,22,33,2023-08-20,67.0
MT,2023,23,34,2023-08-27,68.75
MT,2023,24,35,2023-09-03,70.5
MT,2023,25,36,2023-09-10,71.125
MT,2023,26,37,2023-09-17,71.625
MT,2023,27,38,2023-09-24,71.75
MT,2024,2,13,2024-03-31,0.0
MT,2024,3,14,2024-04-07,0.0
MT,2024,4,15,2024-04-14,0.25
MT,2024,5,16,2024-04-21,0.875
MT,2024,6,17,2024-04-28,4.375
MT,2024,7,18,2024-05-05,6.875
MT,2024,8,19,2024-05-12,10.125
MT,2024,9,20,2024-05-19,14.875
MT,2024,10,21,2024-05-26,18.875
MT,2024,11,22,2024-06-02,21.375
MT,2024,12,23,2024-06-09,23.5
MT,2024,13,24,2024-06-16,27.75
MT,2024,14,25,2024-06-23,32.875
MT,2024,15,26,2024-06-30,38.0
MT,2024,16,27,2024-07-07,42.375
MT,2024,17,28,2024-07-14,47.125
MT,2024,18,29,2024-07-21,51.75
MT,2024,19,30,2024-07-28,56.125
MT,2024,20,31,2024-08-04,58.875
MT,2024,21,32,2024-08-11,62.125
MT,2024,22,33,2024-08-18,64.625
MT,2024,23,34,2024-08-25,67.125
MT,2024,24,35,2024-09-01,70.25
MT,2024,25,36,2024-09-08,72.0
MT,2024,26,37,2024-09-15,72.5
MT,2024,27,38,2024-09-22,73.0
MT,2025,3,14,2025-04-06,0.25
MT,2025,4,15,2025-04-13,0.375
MT,2025,5,16,2025-04-20,2.0
MT,2025,6,17,2025-04-27,4.0
MT,2025,7,18,2025-05-04,5.875
MT,2025,8,19,2025-05-11,9.75
MT,2025,9,20,2025-05-18,12.875
MT,2025,10,21,2025-05-25,15.75
MT,2025,11,22,2025-06-01,18.0
MT,2025,12,23,2025-06-08,19.75
MT,2025,13,24,2025-06-15,21.875
MT,2025,14,25,2025-06-22,27.625
MT,2025,15,26,2025-06-29,31.375
MT,2025,16,27,2025-07-06,36.75
MT,2025,17,28,2025-07-13,41.375
MT,2025,18,29,2025-07-20,45.5
MT,2025,19,30,2025-07-27,49.5
MT,2025,20,31,2025-08-03,55.125
MT,2025,21,32,2025-08-10,59.875
MT,2025,22,33,2025-08-17,64.375
MT,2025,23,34,2025-08-24,66.625
MT,2025,24,35,2025-08-31,68.5
MT,2025,25,36,2025-09-07,70.375
MT,2025,26,37,2025-09-14,71.0
MT,2025,27,38,2025-09-21,71.375
ND,2016,2,13,2016-04-03,0.125
ND,2016,3,14,2016-04-10,0.625
ND,2016,4,15,2016-04-17,1.75
ND,2016,5,16,2016-04-24,3.875
ND,2016,6,17,2016-05-01,6.125
ND,2016,7,18,2016-05-08,12.0
ND,2016,8,19,2016-05-15,17.375
ND,2016,9,20,2016-05-22,21.5
ND,2016,10,21,2016-05-29,24.875
ND,2016,11,22,2016-06-05,27.75
ND,2016,12,23,2016-06-12,31.75
ND,2016,13,24,2016-06-19,37.25
ND,2016,14,25,2016-06-26,43.0
ND,2016,15,26,2016-07-03,47.5
ND,2016,16,27,2016-07-10,51.375
ND,2016,17,28,2016-07-17,54.875
ND,2016,18,29,2016-07-24,57.5
ND,2016,19,30,2016-07-31,59.75
ND,2016,20,31,2016-08-07,63.0
ND,2016,21,32,2016-08-14,66.25
ND,2016,22,33,2016-08-21,68.75
ND,2016,23,34,2016-08-28,83.375
ND,2016,24,35,2016-09-04,84.5
ND,2016,25,36,2016-09-11,85.0
ND,2016,26,37,2016-09-18,85.375
ND,2017,3,14,2017-04-09,0.25
ND,2017,4,15,2017-04-16,0.875
ND,2017,5,16,2017-04-23,1.375
ND,2017,6,17,2017-04-30,2.5
ND,2017,7,18,2017-05-07,7.0
ND,2017,8,19,2017-05-14,13.375
ND,2017,9,20,2017-05-21,19.125
ND,2017,10,21,2017-05-28,23.625
ND,2017,11,22,2017-06-04,27.125
ND,2017,12,23,2017-06-11,30.5
ND,2017,13,24,2017-06-18,33.875
ND,2017,14,25,2017-06-25,38.875
ND,2017,15,26,2017-07-02,43.875
ND,2017,16,27,2017-07-09,47.875
ND,2017,17,28,2017-07-16,51.5
ND,2017,18,29,2017-07-23,56.0
ND,2017,19,30,2017-07-30,59.25
ND,2017,20,31,2017-08-06,62.375
ND,2017,21,32,2017-08-13,75.375
ND,2017,22,33,2017-08-20,79.375
ND,2017,23,34,2017-08-27,82.25
ND,2017,24,35,2017-09-03,84.0
ND,2017,25,36,2017-09-10,85.125
ND,2017,26,37,2017-09-17,85.5
ND,2018,3,14,2018-04-08,0.0
ND,2018,4,15,2018-04-15,0.0
ND,2018,5,16,2018-04-22,0.0
ND,2018,6,17,2018-04-29,0.375
ND,2018,7,18,2018-05-06,2.5
ND,2018,8,19,2018-05-13,7.5
ND,2018,9,20,2018-05-20,13.5
ND,2018,10,21,2018-05-27,19.0
ND,2018,11,22,2018-06-03,23.375
ND,2018,12,23,2018-06-10,27.875
ND,2018,13,24,2018-06-17,32.375
ND,2018,14,25,2018-06-24,38.125
ND,2018,15,26,2018-07-01,43.0
ND,2018,16,27,2018-07-08,47.25
ND,2018,17,28,2018-07-15,51.75
ND,2018,18,29,2018-07-22,56.25
ND,2018,19,30,2018-07-29,60.875
ND,2018,20,31,2018-08-05,67.25
ND,2018,21,32,2018-08-12,74.375
ND,2018,22,33,2018-08-19,79.875
ND,2018,23,34,2018-08-26,82.625
ND,2018,24,35,2018-09-02,84.0
ND,2018,25,36,2018-09-09,84.75
ND,2018,26,37,2018-09-16,85.125
ND,2019,3,14,2019-04-07,0.0
ND,2019,4,15,2019-04-14,0.0
ND,2019,5,16,2019-04-21,0.0
ND,2019,6,17,2019-04-28,0.625
ND,2019,7,18,2019-05-05,1.625
ND,2019,8,19,2019-05-12,4.875
ND,2019,9,20,2019-05-19,10.5
ND,2019,10,21,2019-05-26,15.875
ND,2019,11,22,2019-06-02,20.625
ND,2019,12,23,2019-06-09,25.0
ND,2019,13,24,2019-06-16,29.25
ND,2019,14,25,2019-06-23,32.25
ND,2019,15,26,2019-06-30,37.0
ND,2019,16,27,2019-07-07,42.75
ND,2019,17,28,2019-07-14,47.0
ND,2019,18,29,2019-07-21,51.5
ND,2019,19,30,2019-07-28,55.75
ND,2019,20,31,2019-08-04,61.625
ND,2019,21,32,2019-08-11,67.5
ND,2019,22,33,2019-08-18,71.5
ND,2019,23,34,2019-08-25,76.5
ND,2019,24,35,2019-09-01,79.5
ND,2019,25,36,2019-09-08,81.5
ND,2019,26,37,2019-09-15,82.125
ND,2019,27,38,2019-09-22,83.625
ND,2019,28,39,2019-09-29,84.125
ND,2019,29,40,2019-10-06,84.25
ND,2020,4,15,2020-04-12,0.0
ND,2020,5,16,2020-04-19,0.0
ND,2020,6,17,2020-04-26,0.625
ND,2020,7,18,2020-05-03,1.875
ND,2020,8,19,2020-05-10,3.875
ND,2020,9,20,2020-05-17,6.75
ND,2020,10,21,2020-05-24,12.75
ND,2020,11,22,2020-05-31,17.375
ND,2020,12,23,2020-06-07,22.0
ND,2020,13,24,2020-06-14,27.25
ND,2020,14,25,2020-06-21,31.375
ND,2020,15,26,2020-06-28,37.625
ND,2020,16,27,2020-07-05,42.875
ND,2020,17,28,2020-07-12,46.5
ND,2020,18,29,2020-07-19,50.875
ND,2020,19,30,2020-07-26,54.375
ND,2020,20,31,2020-08-02,60.25
ND,2020,21,32,2020-08-09,64.625
ND,2020,22,33,2020-08-16,69.75
ND,2020,23,34,2020-08-23,75.25
ND,2020,24,35,2020-08-30,79.0
ND,2020,25,36,2020-09-06,81.5
ND,2020,26,37,2020-09-13,83.25
ND,2020,27,38,2020-09-20,83.875
ND,2021,2,13,2021-04-04,0.125
ND,2021,3,14,2021-04-11,1.0
ND,2021,4,15,2021-04-18,1.75
ND,2021,5,16,2021-04-25,3.0
ND,2021,6,17,2021-05-02,6.0
ND,2021,7,18,2021-05-09,10.75
ND,2021,8,19,2021-05-16,15.0
ND,2021,9,20,2021-05-23,19.5
ND,2021,10,21,2021-05-30,23.25
ND,2021,11,22,2021-06-06,26.125
ND,2021,12,23,2021-06-13,29.875
ND,2021,13,24,2021-06-20,35.0
ND,2021,14,25,2021-06-27,40.0
ND,2021,15,26,2021-07-04,45.0
ND,2021,16,27,2021-07-11,48.75
ND,2021,17,28,2021-07-18,53.625
ND,2021,18,29,2021-07-25,58.125
ND,2021,19,30,2021-08-01,64.875
ND,2021,20,31,2021-08-08,72.25
ND,2021,21,32,2021-08-15,77.5
ND,2021,22,33,2021-08-22,81.5
ND,2021,23,34,2021-08-29,82.875
ND,2021,24,35,2021-09-05,84.125
ND,2021,25,36,2021-09-12,84.5
ND,2021,26,37,2021-09-19,84.875
ND,2021,27,38,2021-09-26,84.875
ND,2022,2,13,2022-04-03,0.0
ND,2022,3,14,2022-04-10,0.25
ND,2022,4,15,2022-04-17,0.375
ND,2022,5,16,2022-04-24,0.5
ND,2022,6,17,2022-05-01,0.625
ND,2022,7,18,2022-05-08,1.0
ND,2022,8,19,2022-05-15,2.375
ND,2022,9,20,2022-05-22,4.5
ND,2022,10,21,2022-05-29,10.125
ND,2022,11,22,2022-06-05,13.625
ND,2022,12,23,2022-06-12,18.875
ND,2022,13,24,2022-06-19,24.125
ND,2022,14,25,2022-06-26,30.25
ND,2022,15,26,2022-07-03,33.0
ND,2022,16,27,2022-07-10,38.875
ND,2022,17,28,2022-07-17,44.375
ND,2022,18,29,2022-07-24,49.375
ND,2022,19,30,2022-07-31,52.875
ND,2022,20,31,2022-08-07,57.875
ND,2022,21,32,2022-08-14,65.5
ND,2022,22,33,2022-08-21,70.25
ND,2022,23,34,2022-08-28,74.375
ND,2022,24,35,2022-09-04,79.375
ND,2022,25,36,2022-09-11,82.25
ND,2022,26,37,2022-09-18,83.75
ND,2022,27,38,2022-09-25,84.0
ND,2022,28,39,2022-10-02,84.5
ND,2023,2,13,2023-04-02,0.0
ND,2023,3,14,2023-04-09,0.0
ND,2023,4,15,2023-04-16,0.0
ND,2023,5,16,2023-04-23,0.125
ND,2023,6,17,2023-04-30,0.75
ND,2023,7,18,2023-05-07,1.25
ND,2023,8,19,2023-05-14,2.75
ND,2023,9,20,2023-05-21,7.625
ND,2023,10,21,2023-05-28,15.0
ND,2023,11,22,2023-06-04,20.125
ND,2023,12,23,2023-06-11,24.375
ND,2023,13,24,2023-06-18,31.0
ND,2023,14,25,2023-06-25,36.125
ND,2023,15,26,2023-07-02,41.0
ND,2023,16,27,2023-07-09,44.75
ND,2023,17,28,2023-07-16,48.5
ND,2023,18,29,2023-07-23,52.625
ND,2023,19,30,2023-07-30,56.25
ND,2023,20,31,2023-08-06,61.25
ND,2023,21,32,2023-08-13,68.625
ND,2023,22,33,2023-08-20,72.5
ND,2023,23,34,2023-08-27,76.25
ND,2023,24,35,2023-09-03,80.375
ND,2023,25,36,2023-09-10,82.625
ND,2023,26,37,2023-09-17,83.75
ND,2023,27,38,2023-09-24,84.25
ND,2024,2,13,2024-03-31,0.0
ND,2024,3,14,2024-04-07,0.0
ND,2024,4,15,2024-04-14,0.375
ND,2024,5,16,2024-04-21,0.875
ND,2024,6,17,2024-04-28,2.625
ND,2024,7,18,2024-05-05,4.625
ND,2024,8,19,2024-05-12,7.75
ND,2024,9,20,2024-05-19,12.5
ND,2024,10,21,2024-05-26,16.5
ND,2024,11,22,2024-06-02,20.125
ND,2024,12,23,2024-06-09,23.75
ND,2024,13,24,2024-06-16,29.125
ND,2024,14,25,2024-06-23,33.5
ND,2024,15,26,2024-06-30,37.75
ND,2024,16,27,2024-07-07,41.75
ND,2024,17,28,2024-07-14,46.875
ND,2024,18,29,2024-07-21,51.875
ND,2024,19,30,2024-07-28,55.5
ND,2024,20,31,2024-08-04,60.875
ND,2024,21,32,2024-08-11,66.5
ND,2024,22,33,2024-08-18,71.0
ND,2024,23,34,2024-08-25,76.75
ND,2024,24,35,2024-09-01,80.75
ND,2024,25,36,2024-09-08,83.625
ND,2024,26,37,2024-09-15,85.125
ND,2024,27,38,2024-09-22,85.75
ND,2024,28,39,2024-09-29,86.25
ND,2025,3,14,2025-04-06,0.125
ND,2025,4,15,2025-04-13,0.375
ND,2025,5,16,2025-04-20,1.375
ND,2025,6,17,2025-04-27,2.625
ND,2025,7,18,2025-05-04,5.375
ND,2025,8,19,2025-05-11,9.75
ND,2025,9,20,2025-05-18,14.75
ND,2025,10,21,2025-05-25,17.5
ND,2025,11,22,2025-06-01,21.625
ND,2025,12,23,2025-06-08,24.125
ND,2025,13,24,2025-06-15,28.0
ND,2025,14,25,2025-06-22,32.875
ND,2025,15,26,2025-06-29,38.625
ND,2025,16,27,2025-07-06,43.875
ND,2025,17,28,2025-07-13,48.375
ND,2025,18,29,2025-07-20,52.625
ND,2025,19,30,2025-07-27,57.875
ND,2025,20,31,2025-08-03,61.875
ND,2025,21,32,2025-08-10,67.875
ND,2025,22,33,2025-08-17,72.875
ND,2025,23,34,2025-08-24,76.625
ND,2025,24,35,2025-08-31,80.125
ND,2025,25,36,2025-09-07,82.625
ND,2025,26,37,2025-09-14,84.375
ND,2025,27,38,2025-09-21,84.625
ND,2025,28,39,2025-09-28,84.875
OR,2016,2,13,2016-04-03,10.125
OR,2016,3,14,2016-04-10,12.625
OR,2016,4,15,2016-04-17,14.25
OR,2016,5,16,2016-04-24,17.5
OR,2016,6,17,2016-05-01,19.5
OR,2016,7,18,2016-05-08,22.75
OR,2016,8,19,2016-05-15,24.375
OR,2016,9,20,2016-05-22,26.875
OR,2016,10,21,2016-05-29,29.875
OR,2016,11,22,2016-06-05,32.5
OR,2016,12,23,2016-06-12,35.125
OR,2016,13,24,2016-06-19,35.875
OR,2016,14,25,2016-06-26,36.75
OR,2016,18,29,2016-07-24,36.75
OR,2016,19,30,2016-07-31,38.0
OR,2016,20,31,2016-08-07,41.375
OR,2016,21,32,2016-08-14,45.125
OR,2016,22,33,2016-08-21,46.5
OR,2016,23,34,2016-08-28,48.375
OR,2016,24,35,2016-09-04,49.125
OR,2017,1,12,2017-03-26,1.875
OR,2017,2,13,2017-04-02,3.125
OR,2017,3,14,2017-04-09,5.625
OR,2017,4,15,2017-04-16,9.875
OR,2017,5,16,2017-04-23,13.375
OR,2017,6,17,2017-04-30,15.625
OR,2017,7,18,2017-05-07,18.625
OR,2017,8,19,2017-05-14,20.75
OR,2017,9,20,2017-05-21,22.875
OR,2017,10,21,2017-05-28,23.875
OR,2017,11,22,2017-06-04,29.5
OR,2017,12,23,2017-06-11,31.5
OR,2017,13,24,2017-06-18,33.0
OR,2017,14,25,2017-06-25,33.25
OR,2017,15,26,2017-07-02,33.875
OR,2017,16,27,2017-07-09,34.5
OR,2017,17,28,2017-07-16,36.125
OR,2017,18,29,2017-07-23,36.25
OR,2017,19,30,2017-07-30,38.375
OR,2017,20,31,2017-08-06,40.875
OR,2017,21,32,2017-08-13,42.875
OR,2017,22,33,2017-08-20,45.5
OR,2017,23,34,2017-08-27,47.0
OR,2017,24,35,2017-09-03,47.875
OR,2017,25,36,2017-09-10,48.125
OR,2018,1,12,2018-03-25,4.75
OR,2018,2,13,2018-04-01,5.0
OR,2018,3,14,2018-04-08,7.0
OR,2018,4,15,2018-04-15,13.875
OR,2018,5,16,2018-04-22,17.5
OR,2018,6,17,2018-04-29,20.25
OR,2018,7,18,2018-05-06,21.875
OR,2018,8,19,2018-05-13,23.25
OR,2018,9,20,2018-05-20,24.125
OR,2018,10,21,2018-05-27,24.75
OR,2018,11,22,2018-06-03,29.125
OR,2018,12,23,2018-06-10,33.0
OR,2018,13,24,2018-06-17,35.0
OR,2018,14,25,2018-06-24,35.75
OR,2018,15,26,2018-07-01,36.25
OR,2018,16,27,2018-07-08,36.625
OR,2018,17,28,2018-07-15,37.125
OR,2018,18,29,2018-07-22,38.75
OR,2018,19,30,2018-07-29,41.0
OR,2018,20,31,2018-08-05,43.625
OR,2018,21,32,2018-08-12,44.875
OR,2018,22,33,2018-08-19,46.375
OR,2018,23,34,2018-08-26,47.0
OR,2018,24,35,2018-09-02,47.875
OR,2018,25,36,2018-09-09,48.125
OR,2019,1,12,2019-03-24,0.125
OR,2019,2,13,2019-03-31,0.625
OR,2019,3,14,2019-04-07,1.5
OR,2019,4,15,2019-04-14,2.625
OR,2019,5,16,2019-04-21,7.875
OR,2019,6,17,2019-04-28,11.625
OR,2019,7,18,2019-05-05,16.125
OR,2019,8,19,2019-05-12,19.375
OR,2019,9,20,2019-05-19,22.875
OR,2019,10,21,2019-05-26,23.5
OR,2019,11,22,2019-06-02,24.0
OR,2019,12,23,2019-06-09,24.25
OR,2019,13,24,2019-06-16,25.875
OR,2019,14,25,2019-06-23,33.875
OR,2019,15,26,2019-06-30,34.125
OR,2019,16,27,2019-07-07,36.375
OR,2019,17,28,2019-07-14,36.625
OR,2019,18,29,2019-07-21,36.75
OR,2019,19,30,2019-07-28,37.875
OR,2019,20,31,2019-08-04,39.25
OR,2019,21,32,2019-08-11,41.0
OR,2019,22,33,2019-08-18,43.125
OR,2019,23,34,2019-08-25,46.25
OR,2019,24,35,2019-09-01,48.5
OR,2019,25,36,2019-09-08,48.75
OR,2019,26,37,2019-09-15,49.0
OR,2019,27,38,2019-09-22,49.375
OR,2020,3,14,2020-04-05,5.625
OR,2020,4,15,2020-04-12,11.125
OR,2020,5,16,2020-04-19,16.25
OR,2020,6,17,2020-04-26,20.875
OR,2020,7,18,2020-05-03,23.75
OR,2020,8,19,2020-05-10,24.75
OR,2020,9,20,2020-05-17,24.875
OR,2020,10,21,2020-05-24,27.375
OR,2020,11,22,2020-05-31,28.5
OR,2020,12,23,2020-06-07,30.375
OR,2020,13,24,2020-06-14,33.125
OR,2020,14,25,2020-06-21,34.375
OR,2020,15,26,2020-06-28,36.375
OR,2020,16,27,2020-07-05,36.875
OR,2020,17,28,2020-07-12,37.375
OR,2020,19,30,2020-07-26,37.375
OR,2020,20,31,2020-08-02,39.25
OR,2020,21,32,2020-08-09,42.75
OR,2020,22,33,2020-08-16,44.125
OR,2020,23,34,2020-08-23,45.875
OR,2020,24,35,2020-08-30,47.25
OR,2020,25,36,2020-09-06,49.125
OR,2020,26,37,2020-09-13,49.25
OR,2021,1,12,2021-03-28,3.375
OR,2021,2,13,2021-04-04,5.25
OR,2021,3,14,2021-04-11,11.75
OR,2021,4,15,2021-04-18,15.625
OR,2021,5,16,2021-04-25,20.75
OR,2021,6,17,2021-05-02,22.5
OR,2021,7,18,2021-05-09,23.5
OR,2021,8,19,2021-05-16,24.0
OR,2021,9,20,2021-05-23,24.125
OR,2021,10,21,2021-05-30,27.375
OR,2021,11,22,2021-06-06,29.625
OR,2021,12,23,2021-06-13,31.75
OR,2021,13,24,2021-06-20,33.875
OR,2021,14,25,2021-06-27,35.125
OR,2021,15,26,2021-07-04,36.375
OR,2021,16,27,2021-07-11,36.5
OR,2021,17,28,2021-07-18,36.875
OR,2021,18,29,2021-07-25,37.625
OR,2021,19,30,2021-08-01,42.625
OR,2021,20,31,2021-08-08,45.75
OR,2021,21,32,2021-08-15,46.875
OR,2021,22,33,2021-08-22,47.625
OR,2021,23,34,2021-08-29,48.25
OR,2022,2,13,2022-04-03,4.25
OR,2022,3,14,2022-04-10,12.0
OR,2022,4,15,2022-04-17,12.5
OR,2022,5,16,2022-04-24,18.375
OR,2022,6,17,2022-05-01,20.25
OR,2022,7,18,2022-05-08,21.5
OR,2022,8,19,2022-05-15,22.875
OR,2022,9,20,2022-05-22,23.875
OR,2022,10,21,2022-05-29,23.875
OR,2022,11,22,2022-06-05,24.125
OR,2022,12,23,2022-06-12,25.375
OR,2022,13,24,2022-06-19,28.375
OR,2022,14,25,2022-06-26,33.625
OR,2022,15,26,2022-07-03,35.25
OR,2022,16,27,2022-07-10,35.5
OR,2022,17,28,2022-07-17,35.75
OR,2022,18,29,2022-07-24,35.875
OR,2022,19,30,2022-07-31,36.375
OR,2022,20,31,2022-08-07,38.625
OR,2022,21,32,2022-08-14,40.75
OR,2022,22,33,2022-08-21,44.125
OR,2022,23,34,2022-08-28,45.75
OR,2022,24,35,2022-09-04,47.125
OR,2022,25,36,2022-09-11,47.75
OR,2023,2,13,2023-04-02,3.625
OR,2023,3,14,2023-04-09,5.125
OR,2023,4,15,2023-04-16,8.125
OR,2023,5,16,2023-04-23,9.625
OR,2023,6,17,2023-04-30,14.75
OR,2023,7,18,2023-05-07,19.25
OR,2023,8,19,2023-05-14,21.75
OR,2023,9,20,2023-05-21,23.375
OR,2023,10,21,2023-05-28,24.25
OR,2023,11,22,2023-06-04,27.75
OR,2023,12,23,2023-06-11,31.125
OR,2023,13,24,2023-06-18,33.25
OR,2023,14,25,2023-06-25,34.25
OR,2023,15,26,2023-07-02,36.0
OR,2023,17,28,2023-07-16,36.125
OR,2023,18,29,2023-07-23,38.0
OR,2023,19,30,2023-07-30,41.5
OR,2023,20,31,2023-08-06,44.5
OR,2023,21,32,2023-08-13,47.25
OR,2023,22,33,2023-08-20,47.75
OR,2023,23,34,2023-08-27,48.125
OR,2024,2,13,2024-03-31,6.25
OR,2024,3,14,2024-04-07,9.25
OR,2024,4,15,2024-04-14,10.875
OR,2024,5,16,2024-04-21,14.625
OR,2024,6,17,2024-04-28,19.625
OR,2024,7,18,2024-05-05,21.5
OR,2024,8,19,2024-05-12,22.625
OR,2024,9,20,2024-05-19,23.5
OR,2024,10,21,2024-05-26,24.5
OR,2024,11,22,2024-06-02,26.25
OR,2024,12,23,2024-06-09,27.875
OR,2024,13,24,2024-06-16,30.0
OR,2024,14,25,2024-06-23,32.0
OR,2024,15,26,2024-06-30,35.0
OR,2024,16,27,2024-07-07,36.25
OR,2024,17,28,2024-07-14,36.5
OR,2024,18,29,2024-07-21,37.0
OR,2024,19,30,2024-07-28,39.25
OR,2024,20,31,2024-08-04,41.125
OR,2024,21,32,2024-08-11,43.125
OR,2024,22,33,2024-08-18,45.25
OR,2024,23,34,2024-08-25,47.125
OR,2024,24,35,2024-09-01,48.125
OR,2025,3,14,2025-04-06,7.75
OR,2025,4,15,2025-04-13,11.75
OR,2025,5,16,2025-04-20,14.875
OR,2025,6,17,2025-04-27,19.125
OR,2025,7,18,2025-05-04,21.875
OR,2025,8,19,2025-05-11,23.125
OR,2025,9,20,2025-05-18,24.125
OR,2025,10,21,2025-05-25,25.0
OR,2025,11,22,2025-06-01,28.0
OR,2025,12,23,2025-06-08,31.25
OR,2025,13,24,2025-06-15,33.25
OR,2025,14,25,2025-06-22,35.125
OR,2025,15,26,2025-06-29,36.375
OR,2025,16,27,2025-07-06,36.375
OR,2025,17,28,2025-07-13,36.375
OR,2025,18,29,2025-07-20,37.0
OR,2025,19,30,2025-07-27,39.875
OR,2025,20,31,2025-08-03,42.0
OR,2025,21,32,2025-08-10,44.375
OR,2025,22,33,2025-08-17,47.875
OR,2025,23,34,2025-08-24,48.625
SD,2016,2,13,2016-04-03,1.0
SD,2016,3,14,2016-04-10,3.625
SD,2016,4,15,2016-04-17,9.375
SD,2016,5,16,2016-04-24,12.0
SD,2016,6,17,2016-05-01,16.625
SD,2016,7,18,2016-05-08,20.875
SD,2016,8,19,2016-05-15,22.75
SD,2016,9,20,2016-05-22,26.125
SD,2016,10,21,2016-05-29,29.5
SD,2016,11,22,2016-06-05,32.25
SD,2016,12,23,2016-06-12,38.75
SD,2016,13,24,2016-06-19,43.125
SD,2016,14,25,2016-06-26,45.875
SD,2016,15,26,2016-07-03,52.0
SD,2016,16,27,2016-07-10,57.25
SD,2016,17,28,2016-07-17,60.0
SD,2016,18,29,2016-07-24,63.625
SD,2016,19,30,2016-07-31,68.0
SD,2016,20,31,2016-08-07,70.25
SD,2016,21,32,2016-08-14,71.625
SD,2016,22,33,2016-08-21,72.25
SD,2016,23,34,2016-08-28,72.5
SD,2016,24,35,2016-09-04,72.75
SD,2016,25,36,2016-09-11,73.25
SD,2016,26,37,2016-09-18,73.625
SD,2016,27,38,2016-09-25,73.625
SD,2017,2,13,2017-04-02,0.75
SD,2017,3,14,2017-04-09,3.25
SD,2017,4,15,2017-04-16,7.875
SD,2017,5,16,2017-04-23,13.375
SD,2017,6,17,2017-04-30,16.625
SD,2017,7,18,2017-05-07,20.625
SD,2017,8,19,2017-05-14,22.875
SD,2017,9,20,2017-05-21,25.25
SD,2017,10,21,2017-05-28,28.875
SD,2017,11,22,2017-06-04,33.0
SD,2017,12,23,2017-06-11,38.625
SD,2017,13,24,2017-06-18,44.875
SD,2017,14,25,2017-06-25,50.125
SD,2017,15,26,2017-07-02,53.25
SD,2017,16,27,2017-07-09,58.75
SD,2017,17,28,2017-07-16,66.0
SD,2017,18,29,2017-07-23,73.375
SD,2017,19,30,2017-07-30,78.0
SD,2017,20,31,2017-08-06,81.75
SD,2017,21,32,2017-08-13,83.875
SD,2017,22,33,2017-08-20,85.0
SD,2017,23,34,2017-08-27,85.625
SD,2017,24,35,2017-09-03,86.125
SD,2017,25,36,2017-09-10,86.375
SD,2018,2,13,2018-04-01,0.0
SD,2018,3,14,2018-04-08,0.0
SD,2018,4,15,2018-04-15,0.125
SD,2018,5,16,2018-04-22,0.25
SD,2018,6,17,2018-04-29,1.5
SD,2018,7,18,2018-05-06,7.125
SD,2018,8,19,2018-05-13,13.375
SD,2018,9,20,2018-05-20,19.625
SD,2018,10,21,2018-05-27,23.25
SD,2018,11,22,2018-06-03,24.375
SD,2018,12,23,2018-06-10,26.75
SD,2018,13,24,2018-06-17,30.875
SD,2018,14,25,2018-06-24,33.25
SD,2018,15,26,2018-07-01,35.0
SD,2018,16,27,2018-07-08,36.125
SD,2018,17,28,2018-07-15,36.875
SD,2018,18,29,2018-07-22,38.125
SD,2018,19,30,2018-07-29,41.625
SD,2018,20,31,2018-08-05,43.75
SD,2018,21,32,2018-08-12,47.25
SD,2018,22,33,2018-08-19,48.625
SD,2018,23,34,2018-08-26,49.375
SD,2018,24,35,2018-09-02,49.625
SD,2018,25,36,2018-09-09,49.75
SD,2018,26,37,2018-09-16,49.75
SD,2019,3,14,2019-04-07,0.0
SD,2019,4,15,2019-04-14,0.0
SD,2019,5,16,2019-04-21,0.25
SD,2019,6,17,2019-04-28,1.0
SD,2019,7,18,2019-05-05,2.5
SD,2019,8,19,2019-05-12,6.875
SD,2019,9,20,2019-05-19,12.375
SD,2019,10,21,2019-05-26,15.25
SD,2019,11,22,2019-06-02,19.875
SD,2019,12,23,2019-06-09,23.125
SD,2019,13,24,2019-06-16,24.75
SD,2019,14,25,2019-06-23,25.375
SD,2019,15,26,2019-06-30,28.625
SD,2019,16,27,2019-07-07,31.75
SD,2019,17,28,2019-07-14,33.5
SD,2019,18,29,2019-07-21,34.875
SD,2019,19,30,2019-07-28,35.875
SD,2019,20,31,2019-08-04,36.875
SD,2019,21,32,2019-08-11,38.25
SD,2019,22,33,2019-08-18,39.625
SD,2019,23,34,2019-08-25,42.875
SD,2019,24,35,2019-09-01,46.125
SD,2019,25,36,2019-09-08,47.625
SD,2019,26,37,2019-09-15,48.25
SD,2019,27,38,2019-09-22,48.625
SD,2019,28,39,2019-09-29,48.75
SD,2019,29,40,2019-10-06,48.75
SD,2020,3,14,2020-04-05,0.0
SD,2020,4,15,2020-04-12,0.75
SD,2020,5,16,2020-04-19,1.125
SD,2020,6,17,2020-04-26,5.375
SD,2020,7,18,2020-05-03,9.625
SD,2020,8,19,2020-05-10,13.875
SD,2020,9,20,2020-05-17,18.5
SD,2020,10,21,2020-05-24,21.625
SD,2020,11,22,2020-05-31,24.0
SD,2020,12,23,2020-06-07,26.375
SD,2020,13,24,2020-06-14,27.375
SD,2020,14,25,2020-06-21,30.5
SD,2020,15,26,2020-06-28,34.5
SD,2020,16,27,2020-07-05,36.125
SD,2020,17,28,2020-07-12,36.75
SD,2020,18,29,2020-07-19,37.125
SD,2020,19,30,2020-07-26,38.375
SD,2020,20,31,2020-08-02,41.75
SD,2020,21,32,2020-08-09,44.75
SD,2020,22,33,2020-08-16,47.5
SD,2020,23,34,2020-08-23,48.75
SD,2020,24,35,2020-08-30,49.375
SD,2020,25,36,2020-09-06,49.5
SD,2020,26,37,2020-09-13,49.625
SD,2020,27,38,2020-09-20,49.75
SD,2021,2,13,2021-04-04,1.375
SD,2021,3,14,2021-04-11,4.25
SD,2021,4,15,2021-04-18,7.625
SD,2021,5,16,2021-04-25,11.375
SD,2021,6,17,2021-05-02,15.875
SD,2021,7,18,2021-05-09,18.875
SD,2021,8,19,2021-05-16,21.625
SD,2021,9,20,2021-05-23,23.25
SD,2021,10,21,2021-05-30,24.625
SD,2021,11,22,2021-06-06,26.75
SD,2021,12,23,2021-06-13,30.5
SD,2021,13,24,2021-06-20,33.0
SD,2021,14,25,2021-06-27,34.875
SD,2021,15,26,2021-07-04,35.5
SD,2021,16,27,2021-07-11,36.875
SD,2021,17,28,2021-07-18,37.0
SD,2021,18,29,2021-07-25,39.875
SD,2021,19,30,2021-08-01,43.875
SD,2021,20,31,2021-08-08,46.25
SD,2021,21,32,2021-08-15,47.25
SD,2021,22,33,2021-08-22,49.125
SD,2021,23,34,2021-08-29,49.625
SD,2021,24,35,2021-09-05,49.75
SD,2022,2,13,2022-04-03,0.75
SD,2022,3,14,2022-04-10,1.875
SD,2022,4,15,2022-04-17,3.25
SD,2022,5,16,2022-04-24,5.0
SD,2022,6,17,2022-05-01,7.5
SD,2022,7,18,2022-05-08,11.375
SD,2022,8,19,2022-05-15,15.125
SD,2022,9,20,2022-05-22,20.375
SD,2022,10,21,2022-05-29,22.75
SD,2022,11,22,2022-06-05,23.75
SD,2022,12,23,2022-06-12,25.5
SD,2022,13,24,2022-06-19,26.625
SD,2022,14,25,2022-06-26,30.625
SD,2022,15,26,2022-07-03,33.0
SD,2022,16,27,2022-07-10,35.125
SD,2022,17,28,2022-07-17,36.5
SD,2022,18,29,2022-07-24,38.25
SD,2022,19,30,2022-07-31,40.625
SD,2022,20,31,2022-08-07,44.125
SD,2022,21,32,2022-08-14,46.375
SD,2022,22,33,2022-08-21,47.875
SD,2022,23,34,2022-08-28,48.875
SD,2022,24,35,2022-09-04,49.5
SD,2022,25,36,2022-09-11,49.875
SD,2022,26,37,2022-09-18,49.875
SD,2022,27,38,2022-09-25,49.875
SD,2023,2,13,2023-04-02,0.0
SD,2023,3,14,2023-04-09,0.0
SD,2023,4,15,2023-04-16,0.125
SD,2023,5,16,2023-04-23,0.5
SD,2023,6,17,2023-04-30,2.125
SD,2023,7,18,2023-05-07,8.125
SD,2023,8,19,2023-05-14,15.125
SD,2023,9,20,2023-05-21,21.125
SD,2023,10,21,2023-05-28,23.375
SD,2023,11,22,2023-06-04,24.5
SD,2023,12,23,2023-06-11,27.25
SD,2023,13,24,2023-06-18,31.25
SD,2023,14,25,2023-06-25,33.75
SD,2023,15,26,2023-07-02,36.125
SD,2023,16,27,2023-07-09,36.875
SD,2023,17,28,2023-07-16,37.5
SD,2023,18,29,2023-07-23,38.625
SD,2023,19,30,2023-07-30,40.125
SD,2023,20,31,2023-08-06,42.25
SD,2023,21,32,2023-08-13,44.25
SD,2023,22,33,2023-08-20,46.875
SD,2023,23,34,2023-08-27,48.875
SD,2023,24,35,2023-09-03,49.625
SD,2023,25,36,2023-09-10,49.875
SD,2023,26,37,2023-09-17,50.0
SD,2023,27,38,2023-09-24,50.0
SD,2024,2,13,2024-03-31,0.125
SD,2024,3,14,2024-04-07,0.625
SD,2024,4,15,2024-04-14,2.875
SD,2024,5,16,2024-04-21,5.75
SD,2024,6,17,2024-04-28,9.0
SD,2024,7,18,2024-05-05,13.75
SD,2024,8,19,2024-05-12,18.125
SD,2024,9,20,2024-05-19,20.125
SD,2024,10,21,2024-05-26,21.625
SD,2024,11,22,2024-06-02,23.875
SD,2024,12,23,2024-06-09,25.625
SD,2024,13,24,2024-06-16,28.375
SD,2024,14,25,2024-06-23,30.5
SD,2024,15,26,2024-06-30,33.25
SD,2024,16,27,2024-07-07,35.25
SD,2024,17,28,2024-07-14,36.625
SD,2024,18,29,2024-07-21,37.125
SD,2024,19,30,2024-07-28,37.875
SD,2024,20,31,2024-08-04,41.75
SD,2024,21,32,2024-08-11,44.0
SD,2024,22,33,2024-08-18,46.25
SD,2024,23,34,2024-08-25,47.875
SD,2024,24,35,2024-09-01,49.125
SD,2024,25,36,2024-09-08,49.625
SD,2024,26,37,2024-09-15,50.0
SD,2024,27,38,2024-09-22,50.0
SD,2025,3,14,2025-04-06,1.125
SD,2025,4,15,2025-04-13,3.375
SD,2025,5,16,2025-04-20,7.0
SD,2025,6,17,2025-04-27,13.0
SD,2025,7,18,2025-05-04,17.375
SD,2025,8,19,2025-05-11,21.5
SD,2025,9,20,2025-05-18,23.0
SD,2025,10,21,2025-05-25,24.0
SD,2025,11,22,2025-06-01,25.125
SD,2025,12,23,2025-06-08,26.375
SD,2025,13,24,2025-06-15,28.25
SD,2025,14,25,2025-06-22,31.625
SD,2025,15,26,2025-06-29,35.875
SD,2025,16,27,2025-07-06,37.0
SD,2025,17,28,2025-07-13,37.5
SD,2025,18,29,2025-07-20,37.875
SD,2025,19,30,2025-07-27,38.75
SD,2025,20,31,2025-08-03,40.375
SD,2025,21,32,2025-08-10,42.875
SD,2025,22,33,2025-08-17,46.25
SD,2025,23,34,2025-08-24,48.0
SD,2025,24,35,2025-08-31,48.875
SD,2025,25,36,2025-09-07,49.5
SD,2025,26,37,2025-09-14,50.0
SD,2025,27,38,2025-09-21,50.0
TX,2021,2,13,2021-04-04,0.125
UT,2016,2,13,2016-04-03,2.375
UT,2016,3,14,2016-04-10,5.875
UT,2016,4,15,2016-04-17,11.125
UT,2016,5,16,2016-04-24,16.0
UT,2016,6,17,2016-05-01,19.875
UT,2016,7,18,2016-05-08,22.0
UT,2016,8,19,2016-05-15,23.625
UT,2016,9,20,2016-05-22,24.5
UT,2016,10,21,2016-05-29,25.125
UT,2016,11,22,2016-06-05,25.75
UT,2016,12,23,2016-06-12,29.0
UT,2016,13,24,2016-06-19,31.5
UT,2016,14,25,2016-06-26,33.25
UT,2016,15,26,2016-07-03,37.625
UT,2016,16,27,2016-07-10,37.875
UT,2016,17,28,2016-07-17,38.375
UT,2016,18,29,2016-07-24,39.125
UT,2016,19,30,2016-07-31,40.0
UT,2016,20,31,2016-08-07,41.875
UT,2016,21,32,2016-08-14,43.375
UT,2016,22,33,2016-08-21,44.875
UT,2016,23,34,2016-08-28,46.375
UT,2016,24,35,2016-09-04,47.875
UT,2017,1,12,2017-03-26,0.375
UT,2017,2,13,2017-04-02,1.125
UT,2017,3,14,2017-04-09,3.0
UT,2017,4,15,2017-04-16,6.125
UT,2017,5,16,2017-04-23,9.375
UT,2017,6,17,2017-04-30,13.125
UT,2017,7,18,2017-05-07,18.25
UT,2017,8,19,2017-05-14,21.875
UT,2017,9,20,2017-05-21,22.875
UT,2017,10,21,2017-05-28,23.625
UT,2017,11,22,2017-06-04,24.625
UT,2017,12,23,2017-06-11,26.625
UT,2017,13,24,2017-06-18,28.75
UT,2017,14,25,2017-06-25,30.5
UT,2017,15,26,2017-07-02,33.125
UT,2017,16,27,2017-07-09,34.375
UT,2017,17,28,2017-07-16,35.625
UT,2017,18,29,2017-07-23,36.75
UT,2017,19,30,2017-07-30,38.25
UT,2017,20,31,2017-08-06,40.0
UT,2017,21,32,2017-08-13,42.5
UT,2017,22,33,2017-08-20,44.875
UT,2017,23,34,2017-08-27,46.125
UT,2017,24,35,2017-09-03,47.5
UT,2017,25,36,2017-09-10,48.25
UT,2018,1,12,2018-03-25,0.75
UT,2018,2,13,2018-04-01,1.625
UT,2018,3,14,2018-04-08,5.875
UT,2018,4,15,2018-04-15,8.375
UT,2018,5,16,2018-04-22,14.75
UT,2018,6,17,2018-04-29,19.625
UT,2018,7,18,2018-05-06,23.0
UT,2018,8,19,2018-05-13,23.75
UT,2018,9,20,2018-05-20,24.25
UT,2018,10,21,2018-05-27,24.625
UT,2018,11,22,2018-06-03,26.25
UT,2018,12,23,2018-06-10,26.625
UT,2018,13,24,2018-06-17,28.375
UT,2018,14,25,2018-06-24,31.375
UT,2018,15,26,2018-07-01,34.375
UT,2018,16,27,2018-07-08,35.375
UT,2018,17,28,2018-07-15,36.0
UT,2018,18,29,2018-07-22,37.625
UT,2018,19,30,2018-07-29,39.5
UT,2018,20,31,2018-08-05,41.5
UT,2018,21,32,2018-08-12,44.0
UT,2018,22,33,2018-08-19,46.125
UT,2018,23,34,2018-08-26,47.25
UT,2018,24,35,2018-09-02,48.0
UT,2018,25,36,2018-09-09,48.75
WA,2016,2,13,2016-04-03,3.25
WA,2016,3,14,2016-04-10,9.0
WA,2016,4,15,2016-04-17,12.25
WA,2016,5,16,2016-04-24,14.125
WA,2016,6,17,2016-05-01,17.375
WA,2016,7,18,2016-05-08,20.375
WA,2016,8,19,2016-05-15,23.375
WA,2016,9,20,2016-05-22,24.125
WA,2016,10,21,2016-05-29,25.0
WA,2016,11,22,2016-06-05,29.375
WA,2016,12,23,2016-06-12,31.625
WA,2016,13,24,2016-06-19,33.375
WA,2016,14,25,2016-06-26,35.375
WA,2016,15,26,2016-07-03,36.125
WA,2016,16,27,2016-07-10,36.75
WA,2016,17,28,2016-07-17,37.5
WA,2016,18,29,2016-07-24,37.625
WA,2016,19,30,2016-07-31,39.125
WA,2016,20,31,2016-08-07,41.125
WA,2016,21,32,2016-08-14,42.875
WA,2016,22,33,2016-08-21,45.625
WA,2016,23,34,2016-08-28,47.125
WA,2016,24,35,2016-09-04,48.75
WA,2016,25,36,2016-09-11,49.375
WA,2016,26,37,2016-09-18,49.875
WA,2016,27,38,2016-09-25,49.875
WA,2017,1,12,2017-03-26,0.25
WA,2017,2,13,2017-04-02,0.5
WA,2017,3,14,2017-04-09,1.375
WA,2017,4,15,2017-04-16,2.5
WA,2017,5,16,2017-04-23,4.875
WA,2017,6,17,2017-04-30,7.5
WA,2017,7,18,2017-05-07,14.75
WA,2017,8,19,2017-05-14,17.0
WA,2017,9,20,2017-05-21,21.875
WA,2017,10,21,2017-05-28,22.625
WA,2017,11,22,2017-06-04,23.5
WA,2017,12,23,2017-06-11,27.0
WA,2017,13,24,2017-06-18,27.875
WA,2017,14,25,2017-06-25,32.25
WA,2017,15,26,2017-07-02,34.75
WA,2017,16,27,2017-07-09,35.75
WA,2017,17,28,2017-07-16,36.0
WA,2017,18,29,2017-07-23,36.75
WA,2017,19,30,2017-07-30,37.125
WA,2017,20,31,2017-08-06,38.625
WA,2017,21,32,2017-08-13,41.875
WA,2017,22,33,2017-08-20,44.25
WA,2017,23,34,2017-08-27,46.125
WA,2017,24,35,2017-09-03,47.5
WA,2017,25,36,2017-09-10,48.125
WA,2017,26,37,2017-09-17,48.875
WA,2018,1,12,2018-03-25,1.125
WA,2018,2,13,2018-04-01,2.5
WA,2018,3,14,2018-04-08,3.375
WA,2018,4,15,2018-04-15,4.625
WA,2018,5,16,2018-04-22,5.5
WA,2018,6,17,2018-04-29,13.5
WA,2018,7,18,2018-05-06,16.5
WA,2018,8,19,2018-05-13,19.875
WA,2018,9,20,2018-05-20,21.375
WA,2018,10,21,2018-05-27,23.75
WA,2018,11,22,2018-06-03,25.5
WA,2018,12,23,2018-06-10,27.0
WA,2018,13,24,2018-06-17,30.375
WA,2018,14,25,2018-06-24,34.875
WA,2018,15,26,2018-07-01,35.75
WA,2018,16,27,2018-07-08,36.75
WA,2018,17,28,2018-07-15,37.25
WA,2018,18,29,2018-07-22,37.25
WA,2018,19,30,2018-07-29,38.0
WA,2018,20,31,2018-08-05,39.25
WA,2018,21,32,2018-08-12,41.625
WA,2018,22,33,2018-08-19,43.0
WA,2018,23,34,2018-08-26,46.125
WA,2018,24,35,2018-09-02,48.25
WA,2018,25,36,2018-09-09,48.5
WA,2018,26,37,2018-09-16,49.25
WA,2019,1,12,2019-03-24,0.0
WA,2019,2,13,2019-03-31,0.25
WA,2019,3,14,2019-04-07,1.375
WA,2019,4,15,2019-04-14,2.125
WA,2019,5,16,2019-04-21,3.375
WA,2019,6,17,2019-04-28,7.0
WA,2019,7,18,2019-05-05,13.25
WA,2019,8,19,2019-05-12,18.0
WA,2019,9,20,2019-05-19,19.5
WA,2019,10,21,2019-05-26,21.625
WA,2019,11,22,2019-06-02,23.125
WA,2019,12,23,2019-06-09,24.0
WA,2019,13,24,2019-06-16,26.375
WA,2019,14,25,2019-06-23,32.75
WA,2019,15,26,2019-06-30,34.625
WA,2019,16,27,2019-07-07,35.875
WA,2019,17,28,2019-07-14,36.625
WA,2019,18,29,2019-07-21,37.25
WA,2019,19,30,2019-07-28,37.5
WA,2019,20,31,2019-08-04,38.5
WA,2019,21,32,2019-08-11,39.5
WA,2019,22,33,2019-08-18,40.375
WA,2019,23,34,2019-08-25,43.125
WA,2019,24,35,2019-09-01,44.875
WA,2019,25,36,2019-09-08,46.5
WA,2019,26,37,2019-09-15,48.125
WA,2019,27,38,2019-09-22,48.625
WA,2019,28,39,2019-09-29,48.875
WA,2019,29,40,2019-10-06,49.125
WA,2020,3,14,2020-04-05,5.25
WA,2020,4,15,2020-04-12,9.625
WA,2020,5,16,2020-04-19,15.625
WA,2020,6,17,2020-04-26,18.5
WA,2020,7,18,2020-05-03,21.25
WA,2020,8,19,2020-05-10,22.0
WA,2020,9,20,2020-05-17,22.5
WA,2020,10,21,2020-05-24,23.25
WA,2020,11,22,2020-05-31,24.375
WA,2020,12,23,2020-06-07,25.5
WA,2020,13,24,2020-06-14,28.25
WA,2020,14,25,2020-06-21,32.0
WA,2020,15,26,2020-06-28,33.75
WA,2020,16,27,2020-07-05,35.0
WA,2020,17,28,2020-07-12,35.75
WA,2020,18,29,2020-07-19,36.5
WA,2020,19,30,2020-07-26,38.0
WA,2020,20,31,2020-08-02,38.25
WA,2020,21,32,2020-08-09,39.25
WA,2020,22,33,2020-08-16,41.625
WA,2020,23,34,2020-08-23,43.125
WA,2020,24,35,2020-08-30,44.875
WA,2020,25,36,2020-09-06,47.5
WA,2020,26,37,2020-09-13,48.0
WA,2020,27,38,2020-09-20,48.875
WA,2020,28,39,2020-09-27,49.5
WA,2021,1,12,2021-03-28,1.625
WA,2021,2,13,2021-04-04,1.75
WA,2021,3,14,2021-04-11,6.25
WA,2021,4,15,2021-04-18,10.75
WA,2021,5,16,2021-04-25,16.875
WA,2021,6,17,2021-05-02,18.625
WA,2021,7,18,2021-05-09,19.125
WA,2021,8,19,2021-05-16,22.875
WA,2021,9,20,2021-05-23,23.25
WA,2021,10,21,2021-05-30,24.125
WA,2021,11,22,2021-06-06,24.75
WA,2021,12,23,2021-06-13,27.75
WA,2021,13,24,2021-06-20,31.625
WA,2021,14,25,2021-06-27,35.875
WA,2021,15,26,2021-07-04,37.125
WA,2021,16,27,2021-07-11,37.375
WA,2021,17,28,2021-07-18,37.625
WA,2021,18,29,2021-07-25,38.875
WA,2021,19,30,2021-08-01,42.375
WA,2021,20,31,2021-08-08,44.5
WA,2021,21,32,2021-08-15,45.125
WA,2021,22,33,2021-08-22,48.25
WA,2021,23,34,2021-08-29,49.25
WA,2021,24,35,2021-09-05,49.375
WA,2022,2,13,2022-04-03,3.875
WA,2022,3,14,2022-04-10,5.375
WA,2022,4,15,2022-04-17,6.875
WA,2022,5,16,2022-04-24,12.125
WA,2022,6,17,2022-05-01,14.375
WA,2022,7,18,2022-05-08,16.875
WA,2022,8,19,2022-05-15,18.625
WA,2022,9,20,2022-05-22,20.25
WA,2022,10,21,2022-05-29,22.375
WA,2022,11,22,2022-06-05,23.625
WA,2022,12,23,2022-06-12,24.5
WA,2022,13,24,2022-06-19,26.75
WA,2022,14,25,2022-06-26,29.5
WA,2022,15,26,2022-07-03,32.125
WA,2022,16,27,2022-07-10,34.25
WA,2022,17,28,2022-07-17,36.125
WA,2022,18,29,2022-07-24,37.0
WA,2022,19,30,2022-07-31,37.375
WA,2022,20,31,2022-08-07,38.0
WA,2022,21,32,2022-08-14,39.0
WA,2022,22,33,2022-08-21,42.25
WA,2022,23,34,2022-08-28,44.875
WA,2022,24,35,2022-09-04,46.875
WA,2022,25,36,2022-09-11,48.75
WA,2022,26,37,2022-09-18,49.5
WA,2022,27,38,2022-09-25,49.625
WA,2023,2,13,2023-04-02,0.75
WA,2023,3,14,2023-04-09,1.375
WA,2023,4,15,2023-04-16,3.625
WA,2023,5,16,2023-04-23,7.25
WA,2023,6,17,2023-04-30,14.0
WA,2023,7,18,2023-05-07,17.625
WA,2023,8,19,2023-05-14,20.875
WA,2023,9,20,2023-05-21,23.375
WA,2023,10,21,2023-05-28,24.25
WA,2023,11,22,2023-06-04,24.875
WA,2023,12,23,2023-06-11,27.125
WA,2023,13,24,2023-06-18,30.125
WA,2023,14,25,2023-06-25,33.0
WA,2023,15,26,2023-07-02,36.25
WA,2023,16,27,2023-07-09,37.25
WA,2023,17,28,2023-07-16,37.5
WA,2023,18,29,2023-07-23,38.0
WA,2023,19,30,2023-07-30,39.0
WA,2023,20,31,2023-08-06,39.875
WA,2023,21,32,2023-08-13,41.25
WA,2023,22,33,2023-08-20,44.125
WA,2023,23,34,2023-08-27,47.25
WA,2023,24,35,2023-09-03,47.875
WA,2023,25,36,2023-09-10,49.375
WA,2023,26,37,2023-09-17,49.75
WA,2023,27,38,2023-09-24,49.875
WA,2024,2,13,2024-03-31,1.25
WA,2024,3,14,2024-04-07,2.625
WA,2024,4,15,2024-04-14,6.375
WA,2024,5,16,2024-04-21,9.75
WA,2024,6,17,2024-04-28,14.25
WA,2024,7,18,2024-05-05,18.0
WA,2024,8,19,2024-05-12,21.875
WA,2024,9,20,2024-05-19,24.25
WA,2024,10,21,2024-05-26,24.625
WA,2024,11,22,2024-06-02,25.5
WA,2024,12,23,2024-06-09,28.125
WA,2024,13,24,2024-06-16,28.875
WA,2024,14,25,2024-06-23,30.75
WA,2024,15,26,2024-06-30,33.875
WA,2024,16,27,2024-07-07,35.5
WA,2024,17,28,2024-07-14,37.25
WA,2024,18,29,2024-07-21,37.625
WA,2024,19,30,2024-07-28,38.125
WA,2024,20,31,2024-08-04,40.125
WA,2024,21,32,2024-08-11,41.5
WA,2024,22,33,2024-08-18,44.0
WA,2024,23,34,2024-08-25,46.875
WA,2024,24,35,2024-09-01,48.25
WA,2024,25,36,2024-09-08,49.5
WA,2024,26,37,2024-09-15,50.0
WA,2024,27,38,2024-09-22,50.0
WA,2025,3,14,2025-04-06,1.625
WA,2025,4,15,2025-04-13,3.875
WA,2025,5,16,2025-04-20,8.625
WA,2025,6,17,2025-04-27,13.875
WA,2025,7,18,2025-05-04,17.75
WA,2025,8,19,2025-05-11,21.375
WA,2025,9,20,2025-05-18,23.25
WA,2025,10,21,2025-05-25,24.625
WA,2025,11,22,2025-06-01,25.125
WA,2025,12,23,2025-06-08,27.25
WA,2025,13,24,2025-06-15,29.875
WA,2025,14,25,2025-06-22,33.125
WA,2025,15,26,2025-06-29,35.375
WA,2025,16,27,2025-07-06,36.875
WA,2025,17,28,2025-07-13,37.125
WA,2025,18,29,2025-07-20,37.625
WA,2025,19,30,2025-07-27,38.875
WA,2025,20,31,2025-08-03,40.5
WA,2025,21,32,2025-08-10,41.25
WA,2025,22,33,2025-08-17,43.125
WA,2025,23,34,2025-08-24,46.75
WA,2025,24,35,2025-08-31,48.75
WA,2025,25,36,2025-09-07,49.375
WA,2025,26,37,2025-09-14,49.625
WA,2025,27,38,2025-09-21,49.75
WY,2016,3,14,2016-04-10,1.375
WY,2016,4,15,2016-04-17,4.25
WY,2016,5,16,2016-04-24,6.5
WY,2016,6,17,2016-05-01,9.25
WY,2016,7,18,2016-05-08,14.375
WY,2016,8,19,2016-05-15,18.0
WY,2016,9,20,2016-05-22,21.5
WY,2016,10,21,2016-05-29,25.375
WY,2016,11,22,2016-06-05,28.25
WY,2016,12,23,2016-06-12,32.0
WY,2016,13,24,2016-06-19,37.625
WY,2016,14,25,2016-06-26,45.875
WY,2016,15,26,2016-07-03,53.125
WY,2016,16,27,2016-07-10,58.875
WY,2016,17,28,2016-07-17,63.25
WY,2016,18,29,2016-07-24,68.25
WY,2016,19,30,2016-07-31,74.75
WY,2016,20,31,2016-08-07,84.625
WY,2016,21,32,2016-08-14,90.5
WY,2016,22,33,2016-08-21,95.0
WY,2016,23,34,2016-08-28,95.875
WY,2016,24,35,2016-09-04,96.75
WY,2016,25,36,2016-09-11,97.375
WY,2017,3,14,2017-04-09,0.625
WY,2017,4,15,2017-04-16,3.375
WY,2017,5,16,2017-04-23,6.375
WY,2017,6,17,2017-04-30,11.0
WY,2017,7,18,2017-05-07,15.375
WY,2017,8,19,2017-05-14,17.5
WY,2017,9,20,2017-05-21,19.625
WY,2017,10,21,2017-05-28,21.5
WY,2017,11,22,2017-06-04,25.0
WY,2017,12,23,2017-06-11,31.0
WY,2017,13,24,2017-06-18,37.5
WY,2017,14,25,2017-06-25,45.75
WY,2017,15,26,2017-07-02,49.625
WY,2017,16,27,2017-07-09,58.25
WY,2017,17,28,2017-07-16,61.625
WY,2017,18,29,2017-07-23,68.75
WY,2017,19,30,2017-07-30,75.125
WY,2017,20,31,2017-08-06,80.875
WY,2017,21,32,2017-08-13,87.625
WY,2017,22,33,2017-08-20,92.5
WY,2017,23,34,2017-08-27,94.125
WY,2017,24,35,2017-09-03,95.125
WY,2017,25,36,2017-09-10,95.875
WY,2017,26,37,2017-09-17,96.25
WY,2018,3,14,2018-04-08,0.0
WY,2018,4,15,2018-04-15,1.0
WY,2018,5,16,2018-04-22,3.75
WY,2018,6,17,2018-04-29,8.0
WY,2018,7,18,2018-05-06,12.75
WY,2018,8,19,2018-05-13,14.375
WY,2018,9,20,2018-05-20,17.125
WY,2018,10,21,2018-05-27,19.875
WY,2018,11,22,2018-06-03,25.375
WY,2018,12,23,2018-06-10,28.625
WY,2018,13,24,2018-06-17,33.5
WY,2018,14,25,2018-06-24,40.5
WY,2018,15,26,2018-07-01,46.875
WY,2018,16,27,2018-07-08,53.0
WY,2018,17,28,2018-07-15,58.25
WY,2018,18,29,2018-07-22,62.5
WY,2018,19,30,2018-07-29,68.625
WY,2018,20,31,2018-08-05,76.875
WY,2018,21,32,2018-08-12,82.375
WY,2018,22,33,2018-08-19,87.25
WY,2018,23,34,2018-08-26,90.375
WY,2018,24,35,2018-09-02,93.5
WY,2018,25,36,2018-09-09,94.75
WY,2018,26,37,2018-09-16,95.875
WY,2018,27,38,2018-09-23,96.375
US,2016,3,14,2016-04-10,3.25
US,2016,4,15,2016-04-17,6.75
US,2016,5,16,2016-04-24,12.5
US,2016,6,17,2016-05-01,19.0
US,2016,7,18,2016-05-08,29.0
US,2016,8,19,2016-05-15,37.25
US,2016,9,20,2016-05-22,43.25
US,2016,10,21,2016-05-29,45.75
US,2016,11,22,2016-06-05,47.75
US,2016,13,24,2016-06-19,54.75
US,2016,14,25,2016-06-26,61.75
US,2016,15,26,2016-07-03,66.25
US,2016,16,27,2016-07-10,70.5
US,2016,17,28,2016-07-17,71.75
US,2016,19,30,2016-07-31,74.25
US,2016,20,31,2016-08-07,79.25
US,2016,21,32,2016-08-14,83.75
US,2016,22,33,2016-08-21,88.0
US,2016,23,34,2016-08-28,92.0
US,2016,24,35,2016-09-04,94.5
US,2016,25,36,2016-09-11,95.25
US,2016,26,37,2016-09-18,96.25
US,2017,3,14,2017-04-09,1.25
US,2017,4,15,2017-04-16,3.25
US,2017,5,16,2017-04-23,6.75
US,2017,6,17,2017-04-30,10.0
US,2017,7,18,2017-05-07,18.75
US,2017,8,19,2017-05-14,29.5
US,2017,9,20,2017-05-21,38.0
US,2017,10,21,2017-05-28,43.75
US,2017,11,22,2017-06-04,46.5
US,2017,12,23,2017-06-11,47.75
US,2017,13,24,2017-06-18,51.5
US,2017,14,25,2017-06-25,56.75
US,2017,15,26,2017-07-02,62.5
US,2017,16,27,2017-07-09,67.5
US,2017,17,28,2017-07-16,70.5
US,2017,18,29,2017-07-23,71.75
US,2017,19,30,2017-07-30,74.0
US,2017,20,31,2017-08-06,77.75
US,2017,21,32,2017-08-13,81.75
US,2017,22,33,2017-08-20,86.25
US,2017,23,34,2017-08-27,90.75
US,2017,24,35,2017-09-03,94.0
US,2017,25,36,2017-09-10,95.5
US,2018,3,14,2018-04-08,0.5
US,2018,4,15,2018-04-15,0.75
US,2018,5,16,2018-04-22,0.75
US,2018,6,17,2018-04-29,2.5
US,2018,7,18,2018-05-06,8.5
US,2018,8,19,2018-05-13,18.0
US,2018,9,20,2018-05-20,29.0
US,2018,10,21,2018-05-27,38.5
US,2018,11,22,2018-06-03,44.5
US,2018,12,23,2018-06-10,47.75
US,2018,13,24,2018-06-17,50.75
US,2018,14,25,2018-06-24,57.0
US,2018,15,26,2018-07-01,63.0
US,2018,16,27,2018-07-08,68.75
US,2018,17,28,2018-07-15,71.75
US,2018,18,29,2018-07-22,72.5
US,2018,19,30,2018-07-29,73.5
US,2018,20,31,2018-08-05,75.75
US,2018,21,32,2018-08-12,81.25
US,2018,22,33,2018-08-19,87.5
US,2018,23,34,2018-08-26,91.75
US,2018,24,35,2018-09-02,94.25
US,2018,25,36,2018-09-09,95.75
US,2018,26,37,2018-09-16,96.75
US,2019,3,14,2019-04-07,0.25
US,2019,4,15,2019-04-14,0.5
US,2019,5,16,2019-04-21,1.25
US,2019,6,17,2019-04-28,3.25
US,2019,7,18,2019-05-05,6.5
US,2019,8,19,2019-05-12,13.75
US,2019,9,20,2019-05-19,24.0
US,2019,10,21,2019-05-26,32.75
US,2019,11,22,2019-06-02,40.5
US,2019,12,23,2019-06-09,45.5
US,2019,13,24,2019-06-16,48.5
US,2019,14,25,2019-06-23,49.75
US,2019,15,26,2019-06-30,54.25
US,2019,16,27,2019-07-07,62.0
US,2019,17,28,2019-07-14,67.5
US,2019,18,29,2019-07-21,71.0
US,2019,19,30,2019-07-28,72.25
US,2019,20,31,2019-08-04,72.75
US,2019,21,32,2019-08-11,74.25
US,2019,22,33,2019-08-18,76.25
US,2019,23,34,2019-08-25,81.75
US,2019,24,35,2019-09-01,86.0
US,2019,25,36,2019-09-08,90.0
US,2019,26,37,2019-09-15,91.25
US,2019,27,38,2019-09-22,94.0
US,2019,28,39,2019-09-29,94.75
US,2019,29,40,2019-10-06,95.0
US,2020,4,15,2020-04-12,1.25
US,2020,5,16,2020-04-19,1.75
US,2020,6,17,2020-04-26,4.5
US,2020,7,18,2020-05-03,8.75
US,2020,8,19,2020-05-10,14.5
US,2020,9,20,2020-05-17,22.5
US,2020,10,21,2020-05-24,33.0
US,2020,11,22,2020-05-31,39.5
US,2020,12,23,2020-06-07,44.5
US,2020,13,24,2020-06-14,49.0
US,2020,14,25,2020-06-21,51.0
US,2020,15,26,2020-06-28,57.0
US,2020,16,27,2020-07-05,63.75
US,2020,17,28,2020-07-12,68.0
US,2020,18,29,2020-07-19,70.75
US,2020,19,30,2020-07-26,72.5
US,2020,20,31,2020-08-02,73.5
US,2020,21,32,2020-08-09,76.0
US,2020,22,33,2020-08-16,79.75
US,2020,23,34,2020-08-23,84.5
US,2020,24,35,2020-08-30,89.5
US,2020,25,36,2020-09-06,92.75
US,2020,26,37,2020-09-13,95.25
US,2020,27,38,2020-09-20,96.25
US,2021,2,13,2021-04-04,0.75
US,2021,3,14,2021-04-11,2.75
US,2021,4,15,2021-04-18,4.75
US,2021,5,16,2021-04-25,8.75
US,2021,6,17,2021-05-02,15.75
US,2021,7,18,2021-05-09,24.75
US,2021,8,19,2021-05-16,33.0
US,2021,9,20,2021-05-23,40.0
US,2021,10,21,2021-05-30,44.25
US,2021,11,22,2021-06-06,46.75
US,2021,12,23,2021-06-13,50.25
US,2021,13,24,2021-06-20,55.0
US,2021,14,25,2021-06-27,60.25
US,2021,15,26,2021-07-04,65.5
US,2021,16,27,2021-07-11,69.0
US,2021,17,28,2021-07-18,71.25
US,2021,18,29,2021-07-25,73.25
US,2021,19,30,2021-08-01,76.75
US,2021,20,31,2021-08-08,82.0
US,2021,21,32,2021-08-15,87.0
US,2021,22,33,2021-08-22,91.75
US,2021,23,34,2021-08-29,94.5
US,2021,24,35,2021-09-05,96.25
US,2022,2,13,2022-04-03,0.75
US,2022,3,14,2022-04-10,1.5
US,2022,4,15,2022-04-17,2.0
US,2022,5,16,2022-04-24,3.75
US,2022,6,17,2022-05-01,6.0
US,2022,7,18,2022-05-08,9.0
US,2022,8,19,2022-05-15,13.75
US,2022,9,20,2022-05-22,19.5
US,2022,10,21,2022-05-29,28.75
US,2022,11,22,2022-06-05,34.25
US,2022,12,23,2022-06-12,41.5
US,2022,13,24,2022-06-19,46.75
US,2022,14,25,2022-06-26,51.0
US,2022,15,26,2022-07-03,54.0
US,2022,16,27,2022-07-10,60.0
US,2022,17,28,2022-07-17,66.0
US,2022,18,29,2022-07-24,70.5
US,2022,19,30,2022-07-31,73.25
US,2022,20,31,2022-08-07,75.5
US,2022,21,32,2022-08-14,77.25
US,2022,22,33,2022-08-21,81.5
US,2022,23,34,2022-08-28,85.75
US,2022,24,35,2022-09-04,91.0
US,2022,25,36,2022-09-11,94.5
US,2022,26,37,2022-09-18,96.75
US,2022,27,38,2022-09-25,97.25
US,2023,2,13,2023-04-02,0.0
US,2023,3,14,2023-04-09,0.25
US,2023,4,15,2023-04-16,0.75
US,2023,5,16,2023-04-23,1.5
US,2023,6,17,2023-04-30,3.5
US,2023,7,18,2023-05-07,7.25
US,2023,8,19,2023-05-14,13.25
US,2023,9,20,2023-05-21,24.0
US,2023,10,21,2023-05-28,35.5
US,2023,11,22,2023-06-04,42.25
US,2023,12,23,2023-06-11,46.75
US,2023,13,24,2023-06-18,51.25
US,2023,14,25,2023-06-25,56.5
US,2023,15,26,2023-07-02,61.5
US,2023,16,27,2023-07-09,66.75
US,2023,17,28,2023-07-16,70.25
US,2023,18,29,2023-07-23,72.25
US,2023,19,30,2023-07-30,73.5
US,2023,20,31,2023-08-06,75.75
US,2023,21,32,2023-08-13,79.0
US,2023,22,33,2023-08-20,82.75
US,2023,23,34,2023-08-27,86.5
US,2023,24,35,2023-09-03,91.5
US,2023,25,36,2023-09-10,94.75
US,2023,26,37,2023-09-17,96.25
US,2023,27,38,2023-09-24,97.0
US,2024,2,13,2024-03-31,0.25
US,2024,3,14,2024-04-07,0.75
US,2024,4,15,2024-04-14,1.75
US,2024,5,16,2024-04-21,4.25
US,2024,6,17,2024-04-28,9.75
US,2024,7,18,2024-05-05,14.75
US,2024,8,19,2024-05-12,21.5
US,2024,9,20,2024-05-19,30.5
US,2024,10,21,2024-05-26,37.25
US,2024,11,22,2024-06-02,43.0
US,2024,12,23,2024-06-09,46.25
US,2024,13,24,2024-06-16,49.25
US,2024,14,25,2024-06-23,52.75
US,2024,15,26,2024-06-30,57.75
US,2024,16,27,2024-07-07,63.0
US,2024,17,28,2024-07-14,67.25
US,2024,18,29,2024-07-21,70.5
US,2024,19,30,2024-07-28,72.0
US,2024,20,31,2024-08-04,74.0
US,2024,21,32,2024-08-11,77.0
US,2024,22,33,2024-08-18,80.25
US,2024,23,34,2024-08-25,85.25
US,2024,24,35,2024-09-01,90.0
US,2024,25,36,2024-09-08,93.75
US,2024,26,37,2024-09-15,95.5
US,2024,27,38,2024-09-22,96.5
US,2025,3,14,2025-04-06,0.75
US,2025,4,15,2025-04-13,1.75
US,2025,5,16,2025-04-20,4.75
US,2025,6,17,2025-04-27,8.75
US,2025,7,18,2025-05-04,14.25
US,2025,8,19,2025-05-11,23.25
US,2025,9,20,2025-05-18,31.75
US,2025,10,21,2025-05-25,36.75
US,2025,11,22,2025-06-01,42.0
US,2025,12,23,2025-06-08,44.25
US,2025,13,24,2025-06-15,47.0
US,2025,14,25,2025-06-22,51.25
US,2025,15,26,2025-06-29,57.25
US,2025,16,27,2025-07-06,63.0
US,2025,17,28,2025-07-13,67.25
US,2025,18,29,2025-07-20,69.5
US,2025,19,30,2025-07-27,71.0
US,2025,20,31,2025-08-03,72.75
US,2025,21,32,2025-08-10,75.5
US,2025,22,33,2025-08-17,80.5
US,2025,23,34,2025-08-24,84.75
US,2025,24,35,2025-08-31,89.5
US,2025,25,36,2025-09-07,92.75
US,2025,26,37,2025-09-14,95.0
US,2025,27,38,2025-09-21,95.5
